INDICATIVO	NOMBRE	PROVINCIA	MUNICIPIO	ALTITUD	LONGITUD	LATITUD	n_llu_m01	n_llu_m02	n_llu_m03	n_llu_m04	n_llu_m05	n_llu_m06	n_llu_m07	n_llu_m08	n_llu_m09	n_llu_m10	n_llu_m11	n_llu_m12	n_llu_anual	n_nub_m01	n_nub_m02	n_nub_m03	n_nub_m04	n_nub_m05	n_nub_m06	n_nub_m07	n_nub_m08	n_nub_m09	n_nub_m10	n_nub_m11	n_nub_m12	n_nub_anual	n_nie_m01	n_nie_m02	n_nie_m03	n_nie_m04	n_nie_m05	n_nie_m06	n_nie_m07	n_nie_m08	n_nie_m09	n_nie_m10	n_nie_m11	n_nie_m12	n_nie_anual	n_gra_m01	n_gra_m02	n_gra_m03	n_gra_m04	n_gra_m05	n_gra_m06	n_gra_m07	n_gra_m08	n_gra_m09	n_gra_m10	n_gra_m11	n_gra_m12	n_gra_anual	n_fog_m01	n_fog_m02	n_fog_m03	n_fog_m04	n_fog_m05	n_fog_m06	n_fog_m07	n_fog_m08	n_fog_m09	n_fog_m10	n_fog_m11	n_fog_m12	n_fog_anual	n_des_m01	n_des_m02	n_des_m03	n_des_m04	n_des_m05	n_des_m06	n_des_m07	n_des_m08	n_des_m09	n_des_m10	n_des_m11	n_des_m12	n_des_anual	n_cub_m01	n_cub_m02	n_cub_m03	n_cub_m04	n_cub_m05	n_cub_m06	n_cub_m07	n_cub_m08	n_cub_m09	n_cub_m10	n_cub_m11	n_cub_m12	n_cub_anual	n_tor_m01	n_tor_m02	n_tor_m03	n_tor_m04	n_tor_m05	n_tor_m06	n_tor_m07	n_tor_m08	n_tor_m09	n_tor_m10	n_tor_m11	n_tor_m12	n_tor_anual	nt_00_m01	nt_00_m02	nt_00_m03	nt_00_m04	nt_00_m05	nt_00_m06	nt_00_m07	nt_00_m08	nt_00_m09	nt_00_m10	nt_00_m11	nt_00_m12	nt_00_anual	nt_30_m01	nt_30_m02	nt_30_m03	nt_30_m04	nt_30_m05	nt_30_m06	nt_30_m07	nt_30_m08	nt_30_m09	nt_30_m10	nt_30_m11	nt_30_m12	nt_30_anual	nw_55_m01	nw_55_m02	nw_55_m03	nw_55_m04	nw_55_m05	nw_55_m06	nw_55_m07	nw_55_m08	nw_55_m09	nw_55_m10	nw_55_m11	nw_55_m12	nw_55_anual	nw_91_m01	nw_91_m02	nw_91_m03	nw_91_m04	nw_91_m05	nw_91_m06	nw_91_m07	nw_91_m08	nw_91_m09	nw_91_m10	nw_91_m11	nw_91_m12	nw_91_anual	ta_max_m01	ta_max_m02	ta_max_m03	ta_max_m04	ta_max_m05	ta_max_m06	ta_max_m07	ta_max_m08	ta_max_m09	ta_max_m10	ta_max_m11	ta_max_m12	ta_max_anual	ta_min_m01	ta_min_m02	ta_min_m03	ta_min_m04	ta_min_m05	ta_min_m06	ta_min_m07	ta_min_m08	ta_min_m09	ta_min_m10	ta_min_m11	ta_min_m12	ta_min_anual	w_med_m01	w_med_m02	w_med_m03	w_med_m04	w_med_m05	w_med_m06	w_med_m07	w_med_m08	w_med_m09	w_med_m10	w_med_m11	w_med_m12	w_med_anual
1387	A_CORUÑA	A_CORU—A	A_CORU—A	58	825172	432157	16	11	12	17	12	16	6	10	12	21	25	18	176														0	0	0	0	0	0	0	0	0	0	0	0	0	0	0	0	0	0	0	0	0	0	0	5	1	6	0	0	2	1	1	0	8	1	1	1	1	0	16																											0	1	0	0	0	2	0	0	0	0	3	0	6	0	0	0	0	0	0	0	0	0	0	0	0	0	0	0	0	0	1	0	0	1	0	0	0	0	2	7		7					2	1	4	21			0		0					0	0	0	0			14.4(04)	24.2(26)	20.3(24)	22.5(14)	33.5(31)	26.5(01)	26.2(13)	30.3(23)	26.3(03)	23.2(27)	20.9(01)	19.5(24)	33.5(31/may)	3.3(04)	4.2(03)	5.8(16)	5.8(05)	9.0(20)	10.3(06)	14.0(31)	13.8(13)	12.9(28)	8.3(22)	8.0(14)	4.5(04)	3.3(04/ene)	14	11	14	14	15	12		13	14	10	19	14	
1387E	A_CORUÑA/ALVEDRO	A_CORU—A	CULLEREDO	98	822192	431825	14	6	10	16	9	13	8	11	13	22	28	21	171	14	17	14	17	16	21	28	24	16	22	16	13	218	0	0	0	0	0	0	0	0	0	0	0	0	0	1	2	0	2	0	2	0	0	0	0	2	0	9	17	5	5	6	5	10	7	7	5	9	3	5	84	9	7	12	5	6	1	1	3	9	0	0	7	60	8	4	5	8	9	8	2	4	5	9	14	11	87	0	0	0	0	0	0	1	1	0	0	1	0	3	12		0	0	0	0	0	0	0	0	0	2		0		0	0	1	0	0	2	0	0	0	0		5				4		1	2				10		0				0		0	0				1		14.2(01)		21.6(24)	22.3(14)	33.6(31)	26.0(01)	28.7(22)	32.3(23)	28.9(03)	23.2(07)	21.9(01)	19.2(29)		-3.3(06)		0.7(16)	2.5(12)	4.4(04)	6.3(14)	9.9(31)	9.1(13)	8.6(28)	2.9(22)	4.4(18)	-0.3(27)		12	13	15	15	14	12	13	13	14	11		15	
1428	SANTIAGO_DE_COMPOSTELA/LABACOLLA	A_CORU—A	O_PINO	370	824382	425317	16	11	12	19	10	19	10	8	15	20	29	20	189	11	16	8	17	14	15	22	20	13	15	10	14	175	0	0	0	0	0	0	0	0	0	0	0	0	0	0	0	0	0	0	0	0	0	0	0	1	0	1	6	6	9	10	5	12	15	13	8	14	12	9	119	9	6	14	2	9	2	4	4	9	2	0	5	66	11	6	9	11	8	13	5	7	8	14	20	12	124	0	1	1	2	0	0	2	1	2	1	0	1	11	3	2	0	0	0	0	0	0	0	0	0	2	7	0	0	0	0	2	0	3	2	1	0	0	0	8	1	3	3	5	2	1	1	2	1	1	10	8	38	0	0	0	0	0	0	0	0	0	0	0	1	1	15.5(01)	22.2(26)	23.0(24)	24.1(20)	32.6(31)	29.9(01)	32.1(22)	31.9(22)	31.1(03)	23.6(07)	16.9(01)	20.1(29)	32.6(31/may)	-3.1(05)	-2.1(03)	0.8(13)	0.2(04)	3.9(19)	4.5(14)	9.4(28)	8.9(12)	7.1(28)	3.3(22)	1.6(16)	0.0(04)	-3.1(05/ene)	9	10	11	12	12	11	11	11	11	10	15	12	11
8175	ALBACETE/LOS_LLANOS	ALBACETE	ALBACETE	702	151232	385715	8	1	6	14	4	1	3	2	8	6	14	8	75	15	16	18	15	24	15	12	10	21	19	25	18	208	0	0	0	0	0	0	0	0	0	0	0	0	0	0	0	0	2	0	0	1	0	0	0	0	0	3	3	4	0	1	1	0	0	0	0	2	0	7	18	13	12	12	6	7	15	19	20	6	10	1	4	125	3	0	1	9	0	0	0	1	3	2	4	9	32	0	0	0	1	1	1	5	0	3	0	0	0	11	23	15	10	1	0	0	0	0	0	0	4	6	59	0	0	0	0	1	17	29	28	7	3	0	0	85	6	3			2	3								0	1			0	0								15.9(01)	21.5(28)	24.7(16)	25.8(15)	31.0(15)	38.2(29)	38.7(12)	38.2(06)	34.3(01)	32.9(01)	21.7(01)	17.8(24)	38.7(12/jul)	-8.6(11)	-3.2(05)	-3.0(22)	-0.2(11)	3.6(04)	6.6(12)	14.6(04)	12.8(27)	10.0(23)	2.6(21)	-1.9(19)	-2.5(31)	-8.6(11/ene)						16	16	12	14	12	20	16	
8178D	ALBACETE_OBS	ALBACETE	ALBACETE	676	151442	390020	7	1	4	15	6	1	2	2	9	8	13	10	78														0	0	0	0	0	0	0	0	0	0	0	0	0	0	0	0	0	0	0	1	0	0	0	0	0	1	1	2	0	2	0	0	0	0	0	1	0	4	10																											0	0	0	1	2	1	2	1	4	0	0	0	11	20	5	3	0	0	0	0	0	0	0	0	4	32	0	0	0	0	1	18	29	28	9	3	0	0	88	2		1	3	1	0	0	0	1	0	3	5		0		0	0	0	0	0	0	0	0	0	0		16.9(01)	22.9(27)	26.1(16)	26.0(30)	31.6(15)	38.8(29)	38.9(12)	38.5(18)	34.7(01)	31.4(09)	22.3(01)	19.2(24)	38.9(12/jul)	-5.6(11)	-1.5(17)	-0.6(28)	2.5(04)	4.3(04)	8.1(12)	16.5(28)	13.6(27)	11.9(23)	5.3(21)	0.6(20)	-1.0(31)	-5.6(11/ene)	5	4	5	6	5	6	6	4	4	4	7	5	5
8025	ALICANTE	ALICANTE	ALICANTE/ALACANT	81	29392	382221	5	1	7	12	4	2	5	4	8	5	8	7	68														0	0	0	0	0	0	0	0	0	0	0	0	0	0	0	0	0	0	0	0	0	1	0	0	0	1	0	0	0	0	0	0	0	0	0	0	0	0	0																											0	0	0	4	0	0	1	4	2	1	0	2	14	1	0	0	0	0	0	0	0	0	0	0	0	1	0	0	0	0	2	6	27	23	4	1	0	0	63	0	2	0			0	0	0	3	0		2		0	0	0			0	0	0	0	0		0		21.9(25)	23.0(28)	29.2(17)	29.9(14)	31.3(10)	34.9(29)	36.6(27)	36.5(09)	32.8(25)	31.5(01)	28.7(01)	25.0(24)	36.6(27/jul)	0.0(12)	3.2(04)	5.4(28)	8.1(13)	10.4(04)	12.9(01)	19.2(03)	18.2(28)	15.9(11)	10.6(24)	6.1(20)	5.2(11)	0.0(12/ene)	7	7	8	9	9	9	9	8	8	6	9	7	8
8019	ALICANTE-ELCHE/AEROPUERTO	ALICANTE	ELCHE/ELX	43	34152	381658	5	1	4	10	4	2	1	5	10	5	7	7	61	14	8	17	14	19	15	13	16	19	17	21	15	188	0	0	0	0	0	0	0	0	0	0	0	0	0	0	0	0	0	0	0	0	0	0	0	0	0	0	0	0	0	1	1	0	0	0	0	0	0	1	3	16	20	11	8	8	15	17	15	8	10	6	7	141	1	0	3	8	4	0	1	0	3	4	3	9	36	0	0	0	2	0	0	0	2	2	1	0	1	8	0	0			0		0		0	0	0	0		0	0			2		24		3	0	0	0		5	3			1		3			4		11		0	0			0		0			0		0		22.4(31)	24.0(28)			30.5(10)		36.5(27)		32.1(01)	29.8(01)	27.5(01)	22.4(22)		0.8(11)	3.5(05)			10.3(04)		19.4(03)		15.1(11)	9.3(24)	3.4(17)	6.0(19)		14	14			14	14	16		13	11	19	13	
6325O	ALMERÕA/AEROPUERTO	ALMERIA	ALMERÕA	21	221252	365047	2	1	4	10	1	2	1	0	3	2	3	6	35	17	13	15	17	16	12	8	9	18	17	13	23	178	0	0	0	0	0	0	0	0	0	0	0	0	0	0	0	0	0	0	0	0	0	0	0	0	0	0	1	0	2	0	0	0	0	1	0	2	0	0	6	12	15	11	11	13	18	23	22	10	13	14	5	167	2	0	5	2	2	0	0	0	2	1	3	3	20	1	0	0	1	0	0	0	0	2	0	0	0	4	0	0	0	0	0	0	0	0	0	0	0	0	0	0	0	0	0	0	7	15	15	9	3	0	0	49	6	5	9	9	5	6	8		6		15	6		2	0	1	0	0	0	0		0		1	2		23.9(24)	20.9(24)	24.8(25)	26.8(28)	29.3(31)	38.8(29)	41.6(06)	34.5(23)	34.6(03)	31.1(02)	26.6(01)	24.7(24)	41.6(06/jul)	4.8(06)	6.1(10)	8.1(22)	7.7(06)	13.6(05)	15.7(15)	18.1(09)	20.8(12)	16.2(13)	11.0(23)	7.2(17)	7.0(26)	4.8(06/ene)	15	18	18	19	16	17	17	14	16	13		16	
9091O	FORONDA-TXOKIZA	ARABA/ALAVA	VITORIA-GASTEIZ	513	244062	425255	23	5	9	15	16	8	13	8	9	13	27	14	160	14	16	18	15	17	21	22	25	22	21	8	19	218	0	2	0	0	0	0	0	0	0	0	0	0	2	0	0	0	0	0	0	0	0	0	0	0	0	0	0	4	4	2	4	4	4	3	5	7	2	12	51	2	6	7	0	2	4	2	3	1	0	0	0	27	15	6	6	15	12	5	7	3	7	10	22	12	120	0	1	0	2	0	0	5	4	3	2	2	0	19	8	16	7	3	2	0	0	0	0	0	1	11	48	0	0	0	0	0	13	10	11	0	0	0	0	34	6	3	4		2	2	3		1			7		0	0	1		0	0	0		0			1		13.4(26)	22.6(27)	23.6(16)	22.3(15)	29.1(31)	39.7(29)	38.9(25)	34.7(24)	29.4(29)	27.6(13)	21.9(01)	17.3(21)	39.7(29/jun)	-7.7(06)	-3.0(23)	-2.9(22)	-3.5(13)	-1.6(06)	1.6(12)	7.1(31)	7.3(23)	3.6(09)	2.2(21)	-0.4(16)	-2.6(28)	-7.7(06/ene)	12	9	13	13	13	12	14	14	12		14	12	
1212E	ASTURIAS/AVILÉS	ASTURIAS	CASTRILL”N	127	602392	433401	17	6	12	17	9	19	13	16	15	19	24	19	186	10	18	18	17	18	12	20	15	18	19	10	12	187	0	0	0	0	0	0	0	0	0	0	0	0	0	0	2	0	1	0	0	0	0	0	0	5	0	8	2	0	2	2	2	7	4	4	1	3	1	1	29	3	4	5	1	3	2	1	2	5	1	0	3	30	18	6	8	12	10	16	10	14	7	11	20	16	148	0	1	0	3	0	0	4	1	0	0	4	0	13	4		0	0	0			0	0		0	0		0		0	0	0			1	0		0	0				7					1	1		19	12				1					0	0		5	2		15.2(31)		25.3(03)	21.0(14)	28.7(31)			33.0(23)	26.8(29)		24.2(01)	19.2(24)		-1.4(04)		2.4(28)	3.8(04)	4.1(06)			12.2(13)	9.6(07)		3.9(19)	1.6(04)		16		15	14	15			10	13	12		16	
1208H	GIJ”N_MUSEL	ASTURIAS	GIJ”N	5	542032	433336	19	7	11	17	9	14	13	18	15	21	27	19	190	10													0	0	0	0	0	0	0	0	0	0	0	0	0	1	1	1	1	1	0	0	0	0	0	2	0	7	0	2	0	0	1	0	1	0	0	0	0	0	4	3													18													0	2	0	3	1	0	2	2	0	0	8	0	18	0	0	0	0	0	0	0	0	0	0	0	0	0	0	0	0	0	0	0	0	0	0	0	0	0	0																											17.2(31)	20.8(15)	23.8(03)	23.5(17)	22.4(08)	26.2(01)	26.1(29)	27.1(08)	27.5(21)	23.8(08)	25.2(01)	21.1(24)	27.5(21/sep)	3.2(05)	4.1(03)	6.0(18)	4.9(04)	7.1(06)	10.2(06)	14.5(31)	13.5(12)	13.5(10)	8.5(22)	5.6(19)	2.6(30)	2.6(30/dic)													
1249I	OVIEDO	ASTURIAS	OVIEDO	336	552272	432112	19	6	12	19	13	23	14	21	17	21	26	18	209	10	13	15			8	13	14		12		15	100	0	1	0	0	0	0	0	0	0	0	0	0	1	0	0	0	2	0	0	1	0	0	0	2	0	5	8	1	2	3	6	4	11	8	8	9	4	4	68	5	9	9			2	3	1		3		5		16	6	7			20	15	16		16		11		0	1	0	4	0	0	3	4	1	0	1	0	14	6	0	0	0	0	0	0	0	0	0	0	0	6	0	0	0	0	1	0	0	2	0	0	0	0	3	1	3	4	2	1	1	1	0	0	0	11	8	32	0	0	0	0	0	0	0	0	0	0	0	2	2	16.0(31)	22.7(26)	23.6(03)	23.7(17)	30.8(31)	29.8(01)	29.1(24)	33.9(23)	27.6(20)	24.3(08)	22.4(01)	17.8(23)	33.9(23/ago)	-1.5(07)	1.0(03)	2.4(27)	2.0(04)	5.3(06)	6.6(06)	11.8(31)	11.0(13)	9.4(07)	5.7(22)	3.0(19)	0.3(04)	-1.5(07/ene)		7			8	8							
2444	¡VILA	AVILA	¡VILA	1130	440482	403933	7	1	5	11	2	3	4	6	9	12	15	10	85														1	1	0	4	0	0	0	0	0	0	4	0	10	0	0	0	1	0	0	0	0	0	1	0	0	2	3	0	1	0	0	0	0	0	0	2	1	2	9																											0	0	0	0	0	0	0	4	3	0	0	0	7	22	14	6	2	0	0	0	0	0	0	3	11	58	0	0	0	0	0	8	19	15	0	0	0	0	42	3	2	1		2	2	2	0	1	1	7	7		0	0	0		0	0	0	0	0	0	0	0		15.4(26)	19.2(25)	21.3(16)	22.6(29)	29.6(31)	36.9(29)	36.2(12)	33.2(04)	29.5(04)	28.5(08)	17.9(01)	19.4(25)	36.9(29/jun)	-6.4(11)	-5.4(04)	-2.0(14)	-2.7(04)	2.3(04)	4.2(12)	9.8(30)	8.8(13)	6.0(06)	0.3(22)	-1.1(19)	-1.8(27)	-6.4(11/ene)	11	10	11	12	13	13	11	11	10	9	15	11	11
4452	BADAJOZ/TALAVERA_LA_REAL	BADAJOZ	BADAJOZ	185	648502	385300	3	2	4	15	2	1	0	0	2	10	19	10	68	13	18	12	24	13	18	12	12	13	22	14	11	182	0	0	0	0	0	0	0	0	0	0	0	0	0	0	0	0	0	0	0	0	0	0	0	0	0	0	9	7	4	1	0	0	0	0	0	3	0	11	35	12	8	18	3	15	10	19	19	15	5	4	6	134	6	2	1	3	3	2	0	0	2	4	12	14	49	0	0	0	1	0	1	0	1	0	2	0	0	5	16	2	0	0	0	0	0	0	0	0	0	0	18	0	0	0	2	17	14	28	28	21	8	0	0	118	1	1	2	6	0	0	0	0	1	0	3	3	17	0	0	0	0	0	0	0	0	0	0	0	0	0	20.0(24)	25.2(26)	27.6(26)	30.7(30)	36.3(31)	38.2(29)	40.2(11)	39.2(15)	38.7(04)	34.6(08)	24.7(01)	19.6(28)	40.2(11/jul)	-3.7(07)	-2.0(04)	2.0(15)	4.6(04)	8.4(20)	9.4(13)	14.7(30)	14.1(12)	13.0(23)	6.9(21)	2.2(16)	0.4(31)	-3.7(07/ene)	8	8	11	12	13	12	11	10	9	7	12	9	10
B954	IBIZA/ES_CODOL¡	BALEARES	SANT_JOSEP_DE_SA_TALAIA	6	123041	385235	10	1	5	10	4	2	2	4	12	8	11	9	78	23	21	19	15	22	13	12	20	24	24	26	21	240	0	0	0	0	0	0	0	0	0	0	0	0	0	0	0	0	0	0	0	0	0	0	0	0	0	0	1	1	0	0	0	0	0	0	0	0	1	0	3	7	6	9	7	5	14	16	9	3	5	2	3	86	1	1	3	8	4	3	3	2	3	2	2	7	39	0	0	0	1	1	0	0	1	2	3	0	1	9	0	0	0	0	0	0	0	0	0	0	0	0	0	0	0	0	0	0	4	19	18	0	0	0	0	41	7		5	10	2	0		1	4	1	16	10		0		0	0	0	0		0	0	0	0	0		18.4(14)	20.1(23)	21.1(05)	21.9(14)	28.5(11)	33.9(29)	34.4(08)	32.8(07)	29.0(03)	27.7(14)	24.4(02)	20.2(24)	34.4(08/jul)	0.4(12)	2.2(05)	4.8(09)	6.5(04)	8.1(06)	11.8(01)	19.6(18)	18.0(23)	15.1(10)	10.2(24)	5.6(19)	4.4(19)	0.4(12/ene)	13	13	14	19	15	16	16	14	14	12	21	17	15
B893	MENORCA/AEROPUERTO	BALEARES	MA”-MAH”N	91	412561	395117	13		3	14	6	3	6	2	7	7	17	10		23	18	21	21	22	17	14	19	27	24	22	23	251	1		0	0	0	0	0	0	0	0	0	0		0		0	1	0	0	0	0	0	1	0	0		1		1	1	2	1	4	0	0	1	0	3		4	7	8	3	5	12	17	11	2	2	0	1	72	4	3	2	6	4	1	0	1	1	5	8	7	42	0		0	4	0	2	1	3	2	5	6	1		0	0	0	0	0	0	0	0	0	0	0	0	0	0	0	0	0	0	4	20	17	2	0	0	0	43	18	6	8		10			4	7		9	12		1	0	0		0			0	0		1	0		18.9(31)	20.2(23)	21.1(17)	21.2(14)	26.1(10)	33.5(30)	35.3(08)	32.4(04)	30.5(04)	26.8(14)	24.0(02)	19.6(17)	35.3(08/jul)	2.9(23)	1.6(15)	4.7(16)	2.8(04)	5.4(16)	11.0(01)	17.2(17)	18.4(14)	13.6(08)	11.2(16)	4.6(20)	3.8(11)	1.6(15/feb)	19	16	19	19	21	19	15	17	18	15	19	17	18
B228	PALMA_DE_MALLORCA_CMT	BALEARES	PALMA	3	237311	393312	9	2	6	11	6	3	2	2	7	6	16	5	75														0	0	0	0	0	0	0	0	0	0	0	0	0	0	0	0	1	0	0	0	0	0	0	0	0	1	0	0	1	0	0	0	0	0	0	0	0	1	2																											0	0	0	0	0	0	1	2	2	6	3	2	16		0	0	0	0	0	0	0	0	0	0				0	0	0	0	7	24	22	7	0	0			6	1	0	1	2	1	0	0	2	1	3	4	21	0	0	0	0	0	0	0	0	0	0	0	0	0		21.9(23)	22.8(04)	23.6(27)	26.4(11)	36.1(30)	37.9(07)	33.7(01)	33.8(01)	29.8(14)	25.6(02)				4.9(05)	7.9(02)	7.3(05)	10.9(01)	15.3(02)	21.3(29)	20.5(27)	15.8(11)	13.8(24)	7.4(19)			6	5	8	10	8	9	9	9	8	6	6	6	8
B278	PALMA_DE_MALLORCA/SON_SAN_JUAN	BALEARES	PALMA	8	244121	393339	9	2	4	11	2	1	2	2	7	6	16	4	66	22	17	18	19	21	14	13	16	22	23	23	26	234	0	0	0	0	0	0	0	0	0	0	0	0	0	0	0	0	0	0	0	0	0	0	0	0	0	0	0	9	10	2	0	2	0	1	2	1	1	5	33	5	9	8	4	6	14	16	14	5	5	0	3	89	4	2	5	7	4	2	2	1	3	3	7	2	42	0	0	0	2	0	0	0	1	2	6	2	2	15	6	2	0	0	0	0	0	0	0	0	0	0	8	0	0	0	0	0	8	31	29	5	1	0	0	74	6	3	5	7		1	2	2	3		8	10		0	0	0	0		0	0	0	0		0	1		20.2(06)	23.5(23)	24.1(15)	23.3(17)	27.5(11)	39.2(26)	38.4(08)	36.3(01)	34.1(01)	31.6(14)	24.4(02)	21.9(26)	39.2(26/jun)	-1.8(12)	-1.3(13)	1.7(28)	1.0(05)	6.0(16)	10.7(02)	16.6(29)	16.0(23)	11.8(11)	9.2(16)	3.9(19)	2.8(28)	-1.8(12/ene)	12	11	15	20	16	17	18	17	16	12	16		
0200E	BARCELONA_(FABRA)	BARCELONA	BARCELONA	408	207271	412506	6	1	3	13	14	5	8	7	11	13	10	9	100	16	13	20	16	22	16	16	18	22	16	23	21	219	0	0	0	0	0	0	0	0	0	0	0	0	0	0	1	0	3	0	0	0	0	0	0	0	0	4	1	2	1	2	6	2	0	3	4	5	4	3	33	10	14	7	2	4	11	12	9	4	4	5	4	86	5	1	4	12	5	3	3	4	4	11	2	6	60	0	1	0	4	1	0	4	2	1	3	1	0	17	1	0	0	0	0	0	0	0	0	0	0	0	1	0	0	0	0	0	5	18	13	0	0	0	0	36	12	1	2	5	0	0	5	0	3	4	12	12	56	0	0	0	0	0	0	1	0	0	0	0	0	1	15.5(31)	22.2(22)	23.6(25)	21.5(26)	23.8(31)	37.7(28)	33.7(23)	32.7(05)	29.6(04)	26.7(01)	23.0(02)	17.8(13)	37.7(28/jun)	-0.7(11)	3.1(04)	5.4(14)	3.2(04)	7.8(04)	9.9(12)	15.6(28)	16.4(13)	12.3(10)	11.2(15)	3.9(17)	5.5(31)	-0.7(11/ene)	20	12	14	17	15	14	12	12	15	14	16	16	15
76	BARCELONA/AEROPUERTO	BARCELONA	EL_PRAT_DE_LLOBREGAT	4	204121	411734	5	1	1	12	12	2	7	3	12	7	11	7	80	15	15	19	17	18	19	14	18	22	20	24	22	223	0	0	0	0	0	0	0	0	0	0	0	0	0	0	0	0	1	0	0	0	1	0	0	0	0	2	0	1	2	0	0	1	0	0	0	1	0	0	5	12	13	9	2	7	9	15	11	4	5	4	6	97	4	0	3	11	6	2	2	2	4	6	2	3	45	0	1	0	4	1	0	6	2	4	4	1	1	24	0	0	0	0	0	0	0	0	0	0	0	0	0	0	0	0	0	0	4	14	13	1	0	0	0	32							1													0							17.3(01)	19.3(10)	22.4(04)	24.5(26)	24.4(26)	35.0(29)	31.8(26)	31.9(05)	30.6(01)	26.8(01)	24.7(04)	21.0(13)	35.0(29/jun)	1.3(11)	2.9(15)	6.0(27)	6.0(04)	9.2(04)	11.4(12)	19.7(28)	19.6(12)	15.2(10)	11.8(16)	3.2(20)	4.8(28)	1.3(11/ene)	15	15	17	20	16	19	15	16	17	16	15	17	17
1082	BILBAO/AEROPUERTO	BIZKAIA	LOIU	42	254232	431753	23	11	11	14	16	8	15	10	18	21	23	14	184	8	9	18	7	17	14	18	19	19	17	8	17	171	0	0	0	0	0	0	0	0	0	0	2	0	2	0	1	0	2	0	0	0	0	0	0	2	0	5	4	2	1	1	1	0	2	0	2	3	2	1	19	0	11	5	2	2	3	4	4	4	3	0	1	39	23	8	8	21	12	13	9	8	7	11	22	13	155	2	1	0	2	0	0	4	3	3	0	4	0	19	4	0	0	0	0	0	0	0	0	0	0	0	4	0	0	0	0	1	4	5	5	2	1	0	0	18	7	3	4	7	2	5	1	0	2					2	1	0	0	0	0	0	0	0					18.3(31)	26.9(27)	26.3(16)	26.0(15)	30.1(31)	40.7(27)	38.6(23)	35.5(08)	31.7(20)	30.4(11)	24.1(01)	22.8(21)	40.7(27/jun)	-2.3(05)	1.4(04)	2.3(27)	2.6(13)	3.5(05)	8.8(08)	12.1(31)	12.2(16)	9.9(09)	6.7(22)	1.5(16)	0.3(31)	-2.3(05/ene)	11	11	12	12	14	13	12	11	10	10	13	13	12
2331	BURGOS/VILLAFRÕA	BURGOS	BURGOS	891	337132	422125	8	1	11	13	16	7	12	8	14	12	22	17	141	17	10	15	15	18	20	16	21	17	20	13	14	196	7	3	1	3	0	0	0	0	0	0	3	0	17	0	0	0	1	0	1	2	0	0	0	0	0	4	2	2	1	2	0	0	1	3	2	1	2	6	22	4	12	12	3	7	5	9	8	7	3	0	3	73	10	6	4	12	6	5	6	2	6	8	17	14	96	0	0	0	4	0	2	7	2	4	1	1	0	21	23	20	18	4	2	0	0	0	0	0	3	11	81	0	0	0	0	0	8	13	15	0	0	0	0	36	3	2			2	3	5	2		2	9			0	0			0	0	0	0		0	0			12.8(01)	21.2(26)	21.3(16)	21.8(15)	28.8(31)	38.8(27)	35.6(22)	33.9(24)	27.2(17)	27.7(08)	17.2(01)	15.5(25)	38.8(27/jun)	-5.9(16)	-9.5(04)	-4.6(22)	-5.2(04)	-0.9(06)	0.8(12)	9.1(10)	6.6(23)	3.5(09)	2.0(22)	-2.0(19)	-4.4(28)	-9.5(04/feb)	17	13	17	17	19	18	18	16	18	13	19	17	17
3469A	C¡CERES	CACERES	C¡CERES	394	620202	392817	3	3	5	13	4	3	1	4	5	11	22	12	86														0	0	0	0	0	0	0	0	0	0	0	0	0	0	0	0	1	0	0	0	0	0	0	0	0	1	3	2	1	0	0	0	0	0	0	0	0	4	10																											0	0	0	0	0	0	0	0	1	0	0	0	1	11	1	0	0	0	0	0	0	0	0	0	0	12	0	0	0	0	9	14	27	26	18	4	0	0	98	2	1	2	1	1	1	1	0	1	1	8	4	23	0	0	0	0	0	0	0	0	0	0	0	1	1	18.0(24)	21.0(26)	24.9(16)	28.0(30)	34.4(31)	39.1(29)	40.3(22)	37.9(15)	36.3(03)	32.8(08)	22.1(01)	17.4(21)	40.3(22/jul)	-2.4(18)	-2.6(04)	2.4(15)	2.5(04)	8.3(04)	8.6(13)	14.4(02)	14.7(12)	11.9(23)	6.1(22)	2.6(19)	1.2(30)	-2.6(04/feb)	9	8	9	12	12	12	11	9	9	9	15	11	11
5973	C¡DIZ_OBS	CADIZ	C¡DIZ	2	615282	362959				11	0			0		3	14	8																		0	0			0		0	0	0					0	0			0		0	0	0					1	0			2		1	1	2																															0	0			0		0	0	0		0	0	0	0	0	0		0	0		0	0		0	0	0	0	0	0		6	4		0	0		1	8	12	4	8	2	1	2	2		2			0	0	0	0	0	0	0	0	0		0			18.8(03)	21.0(23)	24.5(15)	24.9(29)	29.7(11)	28.5(02)		31.1(29)	31.6(03)		23.1(01)	22.0(24)		5.1(11)	4.8(04)	10.9(22)	10.6(06)	14.5(17)	16.6(15)		19.3(13)	17.7(11)		8.1(16)	8.6(05)		12	20	19	16	21	16	14		14	12	14		
5960	JEREZ_DE_LA_FRONTERA/AEROPUERTO	CADIZ	JEREZ_DE_LA_FRONTERA	27	603212	364502	4	2	7	14	0	1	1	0	5	5	16	8	63	11	9	15	18	14	12	16	10	14	19	17	13	168	0	0	0	0	0	0	0	0	0	0	0	0	0	0	0	0	0	0	0	0	0	0	0	0	0	0	5	2	4	1	0	0	0	4	2	5	4	5	32	16	17	13	8	17	18	15	21	16	12	7	13	173	4	2	3	4	0	0	0	0	0	0	6	5	24	0	0	1	1	0	0	1	0	2	0	0	0	5	9	1	0		0		0	0	0		0	0		0	0	0		16		18	29	23		0	0		1				2			0						0				0			0						20.3(25)	24.3(24)	28.2(11)		35.4(11)		39.2(19)	40.2(17)	37.6(03)		25.3(01)	22.4(27)		-2.3(13)	-0.9(03)	3.1(16)		9.6(07)		13.4(05)	12.0(13)	11.1(26)		0.1(16)	1.7(12)		10	11	14		15	15		12	11		13		
5910	ROTA_B_N_OBSERVATORIO	CADIZ	ROTA	21	619572	363820	6	2	5	12	1	1	1	1	4	4	14	8	59	15	18	21	20	15	20	21	12	17	20	20	17	216	0	0	0	0	0	0	0	0	0	0	0	0	0	0	0	0	0	0	0	0	0	0	0	0	0	0	4	4	5	1	0	0	2	1	3	6	4	6	36	13	8	8	6	14	9	9	16	11	7	3	8	112	3	2	2	4	2	1	1	3	2	4	7	6	37	0	0	0	1	0	0	0	0	0	1	0	1	3	0	0	0	0	0	0	0	0	0	0	0	0	0	0	0	0	0	5	4	9	18	6	2	0	0	44	2	7	9	6	7	1	0	1	1	0	2	4	40	0	0	0	0	0	0	0	0	0	0	0	0	0	20.0(25)	23.6(23)	26.6(11)	28.5(29)	32.7(11)	33.5(02)	36.5(22)	35.6(17)	34.7(03)	31.7(08)	23.9(01)	22.4(24)	36.5(22/jul)	0.9(13)	1.4(04)	6.1(03)	6.9(04)	11.3(07)	12.5(17)	15.3(05)	14.5(13)	13.1(11)	8.2(16)	4.9(16)	5.0(30)	0.9(13/ene)	11	16	18	18	20	19	16	15	13	12	15	13	16
6001	TARIFA	CADIZ	TARIFA	32	535562	360050																																																																																																									0			0				0	0	0	0			0			0				0	0	0	0			8			11				9	12	12	7			0			0				0	0	0	0			16.2(16)			23.1(14)				28.0(21)	28.5(01)	24.5(08)	20.8(02)			4.6(22)			8.6(26)				15.6(13)	14.8(30)	9.0(16)	5.9(16)			18		27		26			24	20	19	19		
1111	SANTANDER_I_CMT	CANTABRIA	SANTANDER	52	348022	432928	22	8	15	17	15	14	15	12	16	19	28	18	199	13	16	20	16	15	19	18	21	19	17	7	19	200	0	0	0	0	0	0	0	0	0	0	0	0	0	0	1	0	2	0	1	0	0	0	0	0	0	4	1	2	0	2	0	0	0	0	2	1	0	0	8	1	7	7	1	5	2	4	1	4	1	0	1	34	17	5	4	13	11	9	9	9	7	13	23	11	131	1	0	0	2	0	1	6	3	0	2	4	1	20	0	0	0	0	0	0	0	0	0	0	0	0	0	0	0	0	0	0	0	0	2	1	0	0	0	3		4	8	6	4	4	0	0	3	7	19	9			1	0	0	0	0	0	0	0	0	4	4		15.7(31)	24.6(26)	23.0(03)	24.0(15)	21.0(07)	24.7(26)	29.6(23)	34.8(08)	32.0(20)	27.6(13)	22.5(01)	22.5(21)	34.8(08/ago)	3.6(05)	4.2(04)	6.0(16)	4.2(04)	7.8(05)	10.4(11)	13.7(27)	15.3(13)	13.6(09)	10.5(22)	4.5(15)	4.7(04)	3.6(05/ene)	18	13	15		17	13	12	11	12	13	22	17	
1109	SANTANDER/PARAYAS	CANTABRIA	CAMARGO	3	349322	432526	24	6	13	13	17	15	13	13	16	20	23	16	189	10	17	14	13	15	17	17	20	19	16	11	21	190	0	0	0	1	0	0	0	0	0	0	0	0	1	0	1	0	2	0	0	0	0	0	0	2	0	5	0	2	1	0	0	1	0	0	1	0	0	0	5	1	8	8	3	5	2	7	0	4	2	0	2	42	20	3	9	14	11	11	7	11	7	13	19	8	133	1	1	0	3	0	1	5	3	1	1	4	1	21	3	0	0	0	0	0	0	0	0	0	0	0	3	0	0	0	0	0	0	2	2	1	0	0	0	5	7	5	5	6	2	2	0	0		4	18	11		0	0	0	0	0	0	0	0		0	2	5		16.8(31)	26.6(26)	24.2(03)	25.6(17)	26.5(31)	29.4(27)	32.5(04)	35.5(08)	32.1(20)	28.0(13)	22.6(01)	23.2(21)	35.5(08/ago)	-1.4(04)	1.0(04)	4.3(22)	2.4(13)	8.3(01)	9.0(13)	15.0(31)	14.1(16)	12.5(10)	8.2(22)	4.8(15)	1.2(30)	-1.4(04/ene)													
8500A	CASTELL”N-ALMASSORA	CASTELLON	ALMASSORA	43	4192	395726	1	0	3	11	6	0	3	2	6	5	6	5	48														0	0	0	0	0	0	0	0	0	0	0	0	0	0	0	0	0	0	0	0	2	1	0	0	0	3	0	0	0	0	0	0	0	0	1	0	0	0	1																											0	0	0	1	1	0	3	1	2	0	0	1	9	0	0	0	0	0	0	0	0	0	0	0	0	0	0	0	0	0	0	5	29	25	6	0	0	0	65	4	3	0	3	0	1	0	1	2	0	1	2	17	0	0	0	0	0	0	0	0	0	0	0	0	0	22.1(31)	23.3(27)	24.8(04)	28.8(14)	28.5(08)	38.8(29)	36.6(23)	34.5(09)	31.5(01)	29.0(02)	27.3(02)	25.3(21)	38.8(29/jun)	3.0(11)	3.4(04)	6.9(08)	7.0(06)	9.3(04)	11.8(12)	20.8(29)	18.5(28)	15.2(11)	10.6(24)	5.3(19)	4.0(28)	3.0(11/ene)	9	8	8	11	9	9	8	8	8	7	10	8	9
5000C	CEUTA	CEUTA	CEUTA	87	520492	355319		2	4	11	0					5																		0	0	0	0					0					0	0	0	0					0					0	0	0	0					0																															0	0	0	0					0				0	0	0	0	0	0	0	0	0	0	0	0	0	0	0	0	0	2	1	6	13	1	0	0	0	23	9	3	6		4		1	2	1		11	3		0	0	0		0		0	0	0		0	0		21.4(25)	20.8(28)	25.6(11)	24.0(13)	30.8(28)	30.8(30)	34.2(30)	36.4(08)	30.2(25)	29.9(06)	23.3(29)	21.4(23)	36.4(08/ago)	9.4(09)	7.9(03)	11.2(07)	10.0(06)	13.5(06)	15.4(04)	18.3(05)	19.5(13)	16.2(30)	13.7(22)	8.9(16)	11.0(17)	7.9(03/feb)	11	14	14	11	13	10	9	10	9		12	11	
4121	CIUDAD_REAL	CIUDAD_REAL	CIUDAD_REAL	628	355132	385921	7	2	5	17	3	1	1	2	10	8	22	13	91														0	0	0	0	0	0	0	0	0	0	0	0	0	0	0	0	3	0	0	0	0	2	0	0	0	5	2	3	0	0	0	0	0	0	1	2	2	9	19																											0	0	0	2	2	0	1	1	5	1	0	0	12	21	5	0	0	0	0	0	0	0	0	1	2	29	0	0	0	0	11	19	30	31	12	2	0	0	105	0	1	2	2	0	0		0		0	1	3		0	0	0	0	0	0		0		0	0	0		16.9(25)	22.8(26)	26.4(16)	28.5(30)	33.8(15)	42.7(28)	40.0(21)	38.9(17)	35.8(01)	31.6(09)	21.7(01)	18.3(16)	42.7(28/jun)	-4.4(12)	-2.6(04)	1.3(28)	2.5(04)	7.8(04)	9.6(12)	16.8(27)	16.1(24)	11.0(23)	5.8(16)	-0.2(19)	-1.4(30)	-4.4(12/ene)	6	6	9	9	9	9	8	8	8	6	9	8	8
5402	C”RDOBA/AEROPUERTO	CORDOBA	C”RDOBA	90	450482	375056	3	3	5	15	0	0	1	0	6	5	18	9	65				18	18	14	14	6	18	17		15	120	0	0	0	0	0	0	0	0	0	0	0	0	0	0	0	0	0	0	0	0	1	0	0	0	0	1	1	0	0	1	0	0	0	0	1	0	3	2	8				4	12	16	17	23	9	10		8					8	1	0	0	2	3	4		8		0	1	1	3	0	0	0	1	1	0	0	0	7	13	2		0	0	0	0		0	0	1	0		0	0		2	20	26	31		22	13	0	0			1			1		1		0		2				0			0		0		0		0			21.4(26)	24.8(28)		31.3(30)	37.1(28)	40.4(29)	41.8(11)		39.1(02)	35.1(07)	26.7(01)	21.2(16)		-2.5(11)	-0.3(03)		4.6(04)	11.0(13)	11.0(06)	16.5(08)		12.6(23)	6.5(16)	-1.8(16)	1.9(12)		9	6			11	13	13		9	8	10	10	
8096	CUENCA	CUENCA	CUENCA	948	207552	400402	8	0	5	13	4	3	3	6	12	9	23	10	96	9	14	15	15	11	19	17	19	21	19	10	17	186	0	1	0	0	0	0	0	0	0	0	0	0	1	0	1	1	5	1	0	0	0	0	0	0	0	8	0	0	0	0	0	0	0	0	0	1	0	0	1																											0	0	0	2	1	0	1	0	2	0	0	0	6	23	16	3	0	0	0	0	0	0	0	3	7	52	0	0	0	0	2	15	27	26	6	2	0	0	78	1	2	1	1	0	1	0	0	0	0		3		0	0	0	0	0	0	0	0	0	0		0		17.9(14)	22.5(27)	24.7(16)	25.2(30)	31.1(15)	39.2(29)	39.0(12)	36.2(17)	32.8(04)	30.3(09)	19.8(01)	20.7(25)	39.2(29/jun)	-5.8(11)	-2.3(04)	-1.7(20)	0.4(04)	2.0(04)	4.7(12)	12.8(28)	12.3(22)	8.5(23)	3.7(17)	-2.2(17)	-2.1(28)	-5.8(11/ene)	5	6	7	7	7	9	9	7	6	6	7	6	7
1014	HONDARRIBIA-MALKARROA	GIPUZKOA	HONDARRIBIA	4	147322	432125	21	8	13	19	19	13	14	12	16	19	26	15	195														0	0	0	0	0	0	0	0	0	0	0	0	0	1	1	0	0	0	0	0	0	0	0	2	0	4	1	1	0	0	0	0	0	1	0	0	1	0	4	1	11	8	3	6	3	3	4	4	2	0	2	47	21	3	8	12	14	8	11	8	5	10	20	12	132	1	1	1	1	1	2	5	4	3	2	5	0	26	4	0	0	0	0	0	0	0	0	0	0	0	4	0	0	0	0	0	2	1	3	1	1	0	0	8	4	3	5		1		1	1	0	1		11		0	0	0		0		0	0	0	0		1		17.8(31)	26.1(27)	26.8(03)	26.2(15)	25.0(31)	35.1(27)	39.8(23)	34.2(08)	31.7(20)	30.1(13)	23.3(01)	22.4(21)	39.8(23/jul)	-2.2(05)	1.0(04)	3.5(12)	3.7(13)	4.0(05)	10.5(08)	13.8(29)	13.3(14)	11.9(07)	8.6(22)	2.8(20)	0.7(04)	-2.2(05/ene)	11	10	11	12	12	11	10	9	10	10	15	12	11
1024E	SAN_SEBASTI¡N_IGUELDO	GIPUZKOA	DONOSTIA/SAN_SEBASTI¡N	251	202282	431823	23	5	13	18	18	14	15	14	14	19	25	16	194	7	14	17		13	17	17	18	18	20	7	15	163	0	1	0	0	0	0	0	0	0	0	0	0	1	0	2	0	1	0	0	0	0	0	0	2	0	5	10	2	2	6	7	12	10	8	10	11	5	5	88	1	10	8		4	3	4	3	4	1	0	2		23	4	6		14	10	10	10	8	10	23	14		0	1	1	1	0	0	4	4	3	1	5	0	20	0	0	0	0	0	0	0	0	0	0	0	0	0	0	0	0	0	0	4	1	2	0	0	0	0	7	10	11	9	9	5	8		1	6	9	21	15		4	1	1	0	0	0		0	0	0	4	5		16.0(31)	25.6(27)	23.3(03)	23.7(15)	23.3(31)	34.5(27)	39.0(23)	33.0(08)	29.2(20)	27.5(11)	21.8(01)	20.0(21)	39.0(23/jul)	0.5(04)	2.0(04)	5.0(20)	2.3(04)	3.6(05)	9.5(08)	13.9(31)	13.2(16)	11.0(09)	8.6(21)	3.9(15)	2.8(03)	0.5(04/ene)	16	19	15	14	15	13	12	10	12	17	22	20	15
367	GIRONA/COSTA_BRAVA	GIRONA	VILOBÕ_D'ONYAR	143	245481	415442	6	4	4	15	15	3	6	4	13	13	11	8	102		11	14	20	16	19	19	18	15				132	0	0	0	0	0	0	0	0	0	0	0	0	0	0	0	0	0	0	0	0	0	0	0	0	0	0	4	9	1	4	5	3	1	0	0	3	1	3	34		14	14	1	7	8	10	12	9						3	3	9	8	3	2	1	6					0	0	0	4	2	0	2	2	3	3	0	0	16	23			0	0		0		0		4	1		0			0	0		27		11		0	0																												21.8(06)			21.6(30)	26.6(31)		36.1(07)		32.8(01)		24.9(02)	20.1(21)		-6.2(11)			0.1(05)	2.5(06)		14.3(28)		11.1(06)		-2.5(19)	-0.1(11)		8		11		13		14		10	10	9	9	
5530E	GRANADA/AEROPUERTO	GRANADA	CHAUCHINA	567	347222	371123	6	1	4	12	1	0	0	0	10	4	17	8	63	11	12	16	13	19	10	9	10	20	22	22	20	184	0	0	0	0	0	0	0	0	0	0	0	0	0	0	0	0	0	0	0	0	0	0	0	0	0	0	1	0	0	2	1	0	0	0	0	0	5	5	14	15	15	12	7	11	20	22	20	7	8	1	8	146	5	1	3	10	1	0	0	1	3	1	7	3	35	0	0	0	0	1	0	0	1	7	0	0	0	9	25	20	7	0	0	0	0	0	0	0	5	8	65	0	0	0	0	12	22	31	30	17	11	0	0	123	0	1	1		1	1	1	0	2	0	2	1		0	0	0		0	0	0	0	0	0	0	0		19.4(26)	22.9(28)	26.0(11)	28.5(17)	34.4(28)	42.6(28)	40.7(22)	39.7(06)	36.2(01)	33.1(07)	23.2(01)	20.6(24)	42.6(28/jun)	-6.9(12)	-3.6(04)	-0.9(08)	1.5(12)	7.8(21)	6.4(10)	13.3(10)	13.6(13)	9.5(26)	2.5(16)	-3.2(17)	-2.2(30)	-6.9(12/ene)	6	7	9		11	11	11	9	7	6	8	6	
5514	GRANADA/BASE_A…REA	GRANADA	ALHENDÕN	687	337532	370814	7	1	4	12	1	1	1	0	6	5	15	8	61	10	10	16	14	14	9	8	10	20	20	21	17	169	0	0	0	0	0	0	0	0	0	0	0	0	0	0	0	0	1	0	0	0	0	0	0	0	0	1	0	0	0	2	0	0	0	0	0	0	1	1	4	16	17	12	7	17	20	23	20	10	9	1	9	161	5	1	3	9	0	1	0	1	0	2	8	5	35	0	0	0	1	1	0	0	0	5	0	0	0	7	23	14	2	0	0	0	0	0	0	0	5	5	49	0	0	0	0	10	17	29	30	12	6	0	0	104	0	1			0	0	1	0	2	1	1	1		0	0			0	0	0	0	0	0	0	0		18.5(26)	22.2(28)	25.2(11)	28.6(17)	32.6(28)	40.0(28)	38.6(22)	39.4(06)	34.3(01)	32.4(07)	23.0(01)	20.6(27)	40.0(28/jun)	-5.4(12)	-3.2(03)	-0.4(08)	2.5(12)	7.3(18)	8.4(06)	12.4(09)	15.1(28)	10.3(30)	3.4(16)	-2.3(17)	-1.0(30)	-5.4(12/ene)	9			12	13								
3013	MOLINA_DE_ARAG”N	GUADALAJARA	MOLINA_DE_ARAG”N	1062	152442	405030	6	1	7	13	12	6	8	7	11	11	22	12	116														5	3	1	3	0	0	0	0	0	0	4	1	17	0	0	1	3	1	1	1	0	0	0	0	0	7	1	1	0	0	1	0	1	2	2	3	0	9	20																											0	0	1	3	2	2	9	3	5	0	0	0	25	26	26	26	7	3	1	0	0	0	0	7	16	112	0	0	0	0	0	9	23	19	1	0	0	0	52	2	1	1	4	0	1	0	0	0	0				0	0	0	0	0	0	0	0	0	0				16.4(15)	21.8(27)	23.4(15)	23.9(17)	28.6(31)	37.8(29)	35.4(12)	33.2(17)	30.5(04)	28.4(08)	18.5(01)	16.2(25)	37.8(29/jun)	-11.3(11)	-9.1(17)	-7.2(21)	-4.8(13)	-2.0(06)	-0.6(12)	7.5(28)	6.2(14)	2.4(06)	0.7(27)	-5.6(19)	-8.5(28)	-11.3(11/ene)	7	5	7	9	8	8	7	7	6	6	10	8	7
4642E	HUELVA_RONDA_ESTE	HUELVA	HUELVA	19	654422	371642	5	4	5	12	0	0	0	1	3	8	22																0	0	0	0	0	0	0	0	0	0	0			0	0	0	1	0	0	0	0	0	0	0			3	1	2	1	0	3	0	0	3	2	6																													0	1	1	3	0	0	0	0	0	0	0			0	0	0	0	0	0	0	0	0	0	0	0	0	0	0	0	0	11	6	17	29	17	6	0	0	86	3	2	1	5	0	1	0	0	1	1	1	4	19	0	0	0	0	0	0	0	0	0	0	0	0	0	21.5(26)	23.9(23)	28.3(11)	28.9(28)	34.3(11)	33.6(01)	37.0(20)	37.2(17)	34.6(03)	32.7(07)	26.0(01)	24.0(26)	37.2(17/ago)	0.4(07)	2.1(04)	5.5(22)	7.3(04)	11.8(06)	11.5(17)	15.3(05)	16.7(12)	14.2(23)	7.8(22)	4.6(19)	4.2(11)	0.4(07/ene)	9	9	12	14	15	16	16	14	13	11	12	11	13
9898	HUESCA/PIRINEOS	HUESCA	ALCAL¡_DEL_OBISPO	546	19322	420504	8	1	2	14	9	7	6	5	9	5	21	12	99														0	0	0	0	0	0	0	0	0	0	0	0	0	0	0	0	0	0	0	0	0	0	1	0	0	1	8	1	0	1	1	0	0	2	0	2	3	9	27																											0	0	1	3	2	2	6	4	3	2	1	0	24	17	4	0	1	0	0	0	0	0	0	3	4	29	0	0	0	0	1	16	24	23	0	0	0	0	64	3		0		0		1	0	0	1	1			0		0		0		0	0	0	0	0			15.9(14)	22.3(27)	23.2(16)	22.8(14)	30.0(15)	41.2(29)	38.9(23)	37.7(09)	29.7(17)	28.0(01)	20.3(01)	14.1(24)	41.2(29/jun)	-5.8(03)	-2.0(04)	1.0(21)	-0.5(04)	1.5(06)	6.2(12)	11.8(31)	11.4(14)	8.8(07)	6.4(21)	-2.3(19)	-2.8(29)	-5.8(03/ene)	7	8	8	10	9	12	11	8	7	8	8	7	9
5270B	JAÉN	JAEN	JA…N	580	348322	374639	3	1	3	16	1	0	2			3	11	7															0	0	0	0	0	0	0			0	1	0		1	0	0	0	0	0	0			0	0	1		0	0	0	0	0	0	0			0	1	2																												0	1	0	3	1	0	2			2	0	0		2	1	0	0	0	0	0	0	0	0	0	0	3	0	0	0	0	11	16	29	29	9	3	0	0	97	1	3	4	3	1					0				0	0	0	0	0					0				16.8(14)	21.6(26)	24.6(16)	27.4(30)	32.9(31)	39.2(29)	40.6(22)	38.5(17)	35.5(02)	30.7(07)	22.5(01)	19.7(16)	40.6(22/jul)	-1.4(11)	-0.3(04)	4.5(20)	5.7(05)	10.7(04)	11.1(15)	15.9(09)	18.8(12)	13.7(11)	8.1(21)	1.6(16)	3.7(31)	-1.4(11/ene)	8	8	10	9	10	11		9		7	11		
9170	LOGRO—O/AGONCILLO	LA_RIOJA	AGONCILLO	353	219522	422708	13	3	4	16	10	8	13	5	10	9	25	10	126	16	13	20	18	19	23	21	19	20	26	15	22	232	0	2	0	0	0	0	0	0	0	0	0	0	2	0	0	0	0	0	0	0	0	0	0	0	0	0	0	4	0	0	0	0	0	0	0	1	3	6	14	7	11	11	2	5	5	8	11	6	2	0	1	69	8	4	0	10	7	2	2	1	4	3	15	8	64	0	0	0	2	0	3	5	2	3	0	1	0	16	2	10	3	0	0	0	0	0	0	0	0	2	17	0	0	0	0	1	15	19	23	2	0	0	0	60	2	1	1					0	0	0	5			0	0	0					0	0	0	0			15.9(01)	23.1(27)	24.0(24)	24.9(29)	30.5(31)	42.2(29)	38.9(23)	36.6(17)	30.7(17)	28.8(13)	21.9(01)	17.6(22)	42.2(29/jun)	-2.5(16)	-2.3(16)	-1.3(22)	2.1(06)	1.9(06)	2.7(12)	11.8(31)	10.9(23)	8.0(09)	5.6(22)	0.2(20)	-1.8(29)	-2.5(16/ene)	13	10	11	12	11		11	10	9	9	10	11	
C249I	FUERTEVENTURA/AEROPUERTO	LAS_PALMAS	PUERTO_DEL_ROSARIO	25	1351472	282641	3	3	3	2	0	1	1	0	2	4	7	5	31	24	16	28	27	19	20	26	19	22	24	28	28	281	0	0	0	0	0	0	0	0	0	0	0	0	0	0	0	0	0	0	0	0	0	0	0	0	0	0	0	0	0	0	0	0	0	0	0	0	0	0	0	3	12	3	3	11	7	4	10	6	5	1	3	68	4	0	0	0	1	3	1	2	2	2	1	0	16	0	0	1	0	0	0	0	0	0	0	0	0	1	0	0	0	0		0		0		0	0	0		0	0	0	0		0		2		1	0	0		3		2			1		5		1	11			0		0			0		0		0	0			21.9(20)	27.0(26)	24.3(31)	26.5(29)		29.7(02)		31.5(17)		30.5(26)	27.9(02)	23.9(21)		12.7(10)	12.2(05)	13.4(27)	14.7(01)		16.5(17)		20.3(20)		17.8(24)	15.6(20)	12.7(15)			18	22			22		25	22	20	27		
C649I	GRAN_CANARIA/AEROPUERTO	LAS_PALMAS	INGENIO	32	1523432	275504	10	4	6	7	0	2	0	1	4	6	9	6	55	24	14	25	28	21	25	27	26	21	22	26	27	286	0	0	0	0	0	0	0	0	0	0	0	0	0	0	0	0	0	0	0	0	0	0	0	0	0	0	0	0	0	0	0	0	0	0	0	0	0	0	0	5	13	5	2	9	5	4	5	8	6	3	4	69	2	1	1	0	1	0	0	0	1	3	1	0	10	0	0	0	1	0	0	0	0	1	0	0	1	3	0	0	0		0	0		0		0				0	0	0		0	1		5		1					3			18						15				0			0						0			22.5(01)	27.2(23)	23.8(06)		29.2(27)	31.6(03)		31.7(16)		30.6(27)				13.2(13)	13.8(21)	13.1(26)		15.9(30)	16.8(17)		20.6(01)		17.3(22)					16	24	22	30	26	35	33	29	22	25		
C029O	LANZAROTE/AEROPUERTO	LAS_PALMAS	SAN_BARTOLOM…	14	1336012	285707	6	2	5	3	1	2	2	1	1	3	6	5	37	25	13		26	18	24	26	19	19	23	27	22	242	0	0	0	0	0	0	0	0	0	0	0	0	0	0	0	0	0	0	0	0	0	0	0	0	0	0	0	0	0	0	0	0	0	0	0	0	0	0	0	4	15		4	12	6	5	11	9	8	2	7		2	0		0	1	0	0	1	2	0	1	2		0	0	0	0	0	0	0	0	0	0	0	0	0	0	0	0	0		0	0	0	0	0	0	0		0	0	0	0		2	0	16	8	4	1	0		6		4	13					5	9		7		0		0	0					0	0		0		21.6(20)	25.2(11)	26.3(10)	26.2(28)		35.1(02)	29.6(26)	35.8(16)	32.8(30)	33.7(01)	32.3(02)	24.4(27)		11.5(10)	10.8(09)	12.0(16)	13.3(24)		15.0(17)	18.5(05)	20.0(01)	18.9(18)	14.9(25)	13.7(20)	12.5(15)		18	16	22	25	27		32	33	23	21		18	
2661	LE”N/VIRGEN_DEL_CAMINO	LEON	VALVERDE_DE_LA_VIRGEN	912	539042	423518	3	3	4	14	4	6	11	4	6	11	22	18	106	14	17	16	23	17	20	24	18	18	16	17	14	214	3	2	0	1	0	0	0	0	0	0	1	0	7	0	0	0	2	0	0	0	0	0	0	0	0	2	2	1	0	0	0	0	0	0	0	2	2	7	14	12	8	13	1	9	2	6	9	10	3	1	5	79	5	3	2	6	5	8	1	4	2	12	12	12	72	0	0	0	2	0	1	7	1	1	1	0	0	13	26	16	15	4	0	0	0	0	0	0	4	16	81	0	0	0	0	0	5	13	10	0	0	0	0	28		3	6		3	3	2	1		2	9	5			0	0		0	0	0	0		0	0	0		15.5(05)	20.9(25)	20.7(16)	22.8(29)	29.6(31)	35.7(28)	34.5(22)	31.9(03)	29.3(13)	26.9(07)	18.4(01)	18.1(30)	35.7(28/jun)	-5.3(11)	-5.1(04)	-3.2(18)	-3.2(04)	1.0(19)	1.2(06)	7.2(30)	6.7(12)	4.0(07)	1.1(21)	-2.7(19)	-5.1(27)	-5.3(11/ene)	11	9	14	16	13		11	12	12	12	18	12	
1549	PONFERRADA	LEON	PONFERRADA	534	636002	423350	10	6	7	17	6	11	10	7	7	15	28	17	141														1	2	0	0	0	0	0	0	0	0	0	0	3	0	0	0	0	0	0	1	0	1	0	0	0	2	5	4	1	2	1	1	1	0	2	8	4	14	43																											0	0	0	0	0	1	7	1	3	0	1	0	13	19	11	3	0	0	0	0	0	0	0	1	9	43	0	0	0	0	5	7	20	18	6	0	0	0	56	0	1	0	0	0	0		0	0	0	0	1		0	0	0	0	0	0		0	0	0	0	0		15.4(24)	22.9(25)	24.2(24)	27.0(29)	33.9(31)	34.8(28)	37.6(22)	35.0(30)	34.0(13)	29.5(07)	20.8(01)	14.9(19)	37.6(22/jul)	-5.9(07)	-2.2(04)	-1.4(18)	1.1(11)	4.6(02)	5.6(12)	10.0(28)	9.2(13)	7.4(29)	4.2(22)	-0.9(19)	-3.6(29)	-5.9(07/ene)	5	4	6	8	8	7	7	7	6		7	4	
9771C	LLEIDA	LLEIDA	LLEIDA	185	35531	413734	8	1	1	16	7	6	8	5	7	8	14	12	93		7	6				12	14	17	22		14	92	0	0	0	0	0	0	0	0	0	0	0	0	0	0	0	0	0	1	0	0	0	0	0	0	0	1	12	5	0	0	0	0	0	0	1	2	0	10	30		21	23				18	16	13	7		1			0	2				1	1	0	2		16		0	0	0	3	2	2	4	1	1	2	0	0	15	17	7	0	0	0	0	0	0	0	0	2	0	26	0	0	0	0	2	19	29	27	14	0	0	0	91		1		0	5	1		0		0					0		0	0	0		0		0				18.2(25)	22.2(27)	24.3(10)	26.0(14)	30.7(31)	43.4(29)	41.2(23)	39.7(09)	32.7(17)	29.7(01)	23.6(02)	18.4(17)	43.4(29/jun)	-4.8(11)	-2.3(17)	1.2(22)	2.3(04)	2.2(06)	6.9(12)	15.2(28)	14.2(14)	9.8(07)	6.8(26)	-1.6(19)	0.4(03)	-4.8(11/ene)	10	7	9	11	11	11	9	8	7	7	11	9	9
1505	LUGO/ROZAS	LUGO	CASTRO_DE_REI	445	727272	430641	18	7	15	17	13	20	11	12	14	24	29	20	200														0	2	0	0	0	0	0	0	0	0	0	0	2	0	0	0	2	0	1	1	0	1	0	1	0	6	9	10	7	7	5	7	13	9	3	13	2	8	93																											0	0	1	1	0	0	3	2	2	1	3	1	14	14	10	8	0	0	0	0	0	0	0	0	9	41	0	0	0	0	2	1	4	3	0	0	0	0	10		2	2	0		0	0	2	0	0	2	4			0	0	0		0	0	0	0	0	0	0		12.8(14)	24.0(26)	23.2(16)	25.7(29)	33.3(31)	31.9(01)	33.0(24)	34.8(23)	29.6(20)	26.6(11)	18.5(01)	18.2(24)	34.8(23/ago)	-7.2(06)	-2.8(20)	-1.5(18)	1.2(03)	1.5(20)	3.3(08)	5.6(31)	6.4(13)	6.0(28)	0.4(22)	0.6(19)	-4.5(04)	-7.2(06/ene)		6	9	9	8	7	7	7	9	6	9	8	
3191E	COLMENAR_VIEJO/FAMET	MADRID	COLMENAR_VIEJO	1004	345542	404146	4	0	3	13	3	1	4	7	7	10	21	13	86	12	14	14	14	19	17	20	16	16	20	18	14	194	1	2	0	1	0	0	0	0	0	0	0	0	4	0	0	0	2	0	0	0	0	0	0	0	0	2	2	2	1	3	1	0	0	0	0	3	9	8	29	15	14	15	4	9	12	11	13	9	7	1	7	117	4	0	2	12	3	1	0	2	5	4	11	10	54	0	0	0	3	0	0	4	1	3	1	0	0	12	7	3	0	2	0	0	0	0	0	0	1	2	15	0	0	0	0	1	7	24	18	2	0	0	0	52	6	3	3	8	2	3	3		4		9	6		0	0	0	0	0	0	0		0		0	3		16.0(07)	18.0(27)	21.5(16)	23.0(30)	30.0(15)	37.0(28)	36.6(12)	34.1(17)	31.5(03)	26.7(08)	18.0(01)	17.4(28)	37.0(28/jun)	-2.5(11)	-2.0(04)	0.5(18)	-0.6(04)	3.1(04)	6.5(07)	11.5(28)	11.5(13)	8.5(06)	3.7(21)	-0.2(16)	-0.5(09)	-2.5(11/ene)													
3129	MADRID/BARAJAS	MADRID	MADRID	609	333202	402800	4	1	2	12	3	1	5	4	4	9	16	12	73	12	9	19	18	20	17	19	12	18	14	17	15	190	0	0	0	0	0	0	0	0	0	0	0	0	0	0	0	0	0	0	0	0	0	1	0	0	0	1	0	0	0	0	0	0	0	0	2	1	0	4	7	16	18	11	4	9	12	12	18	9	10	1	5	125	3	1	1	8	2	1	0	1	3	7	12	11	50	0	0	0	2	0	0	4	1	2	1	0	0	10	22	17	2	0	0	0	0	0	0	0	2	5	48	0	0	0	0	7	16	29	28	9	1	0	0	90					6	7	7					6						0	0	1					0		16.3(24)	21.3(26)	25.3(16)	27.1(30)	33.9(15)	41.2(28)	40.3(12)	37.6(17)	34.4(04)	30.1(08)	21.6(01)	17.6(26)	41.2(28/jun)	-5.7(06)	-4.5(04)	-0.3(22)	0.8(04)	4.2(04)	5.6(12)	14.6(28)	14.0(12)	9.7(29)	3.6(21)	-2.4(19)	-2.3(29)	-5.7(06/ene)	11	9	11	14	14	15	13	12	11	9	18	11	12
3196	MADRID/CUATRO_VIENTOS	MADRID	MADRID	690	347102	402232	5	1	2	12	1	1	6	3	6	12	19	13	81	11	13	15	18	19	19	19	16	17	20	21	17	205	0	0	0	0	0	0	0	0	0	0	0	0	0	0	0	0	2	0	0	0	1	0	0	0	0	3	1	1	0	0	0	0	0	0	0	0	0	4	6	15	14	14	2	8	10	12	13	9	6	0	3	106	5	1	2	10	4	1	0	2	4	5	9	11	54	0	0	1	3	0	0	3	2	3	1	0	0	13	15	2	0	0	0	0	0	0	0	0	0	0	17	0	0	0	0	5	14	29	26	5	0	0	0	79	6	2	1	7	3	6	1	2	1	3	7			0	0	0	0	0	0	0	0	0	0	0			16.9(25)	20.6(26)	24.9(16)	29.5(28)	32.6(15)	40.5(28)	39.2(12)	36.6(17)	34.5(01)	29.6(08)	20.1(01)	16.8(25)	40.5(28/jun)	-3.4(11)	-2.8(04)	1.6(07)	1.0(04)	6.4(04)	9.2(07)	16.0(09)	14.5(26)	11.9(23)	5.0(21)	0.4(19)	1.5(30)	-3.4(11/ene)	10	8	12	14	13	15	11	12	10	9	17	12	12
3200	MADRID/GETAFE	MADRID	GETAFE	620	343202	401758	4	1	3	15	3	1	6	4	5	10	18	12	82	15	13	16	19	22	21	21	16	19	21	19	18	220	0	0	0	0	0	0	0	0	0	0	0	0	0	0	0	0	1	0	0	0	2	0	0	0	0	3	0	1	0	0	0	0	0	0	1	3	0	6	11	11	14	13	2	8	8	10	14	8	6	0	3	97	5	1	2	9	1	1	0	1	3	4	11	10	48	0	0	1	2	0	0	5	3	2	1	0	0	14	18	2	0	0	0	0	0	0	0	0	0	2	22	0	0	0	0	6	16	29	27	8	1	0	0	87	5	3	2			4	2	2	5	2	11	5		0	0	0			0	0	0	0	1	0	1		17.0(24)	21.0(26)	25.0(16)	26.8(30)	34.0(15)	41.0(28)	39.4(12)	37.4(17)	34.2(01)	30.0(08)	20.4(01)	17.4(21)	41.0(28/jun)	-3.0(11)	-2.2(04)	1.6(07)	3.0(04)	7.2(04)	10.2(12)	16.2(28)	15.0(13)	12.6(23)	5.4(21)	0.4(19)	0.0(28)	-3.0(11/ene)													
3195	MADRID_RETIRO	MADRID	MADRID	667	340412	402443	5	1	2	13	1	1	3	4	5	10	17	12	74	13	9	17	17	21	15	20	13	16	19	18		178	0	0	0	0	0	0	0	0	0	0	0	0	0	0	0	0	1	0	0	0	2	0	0	0	0	3	0	0	0	0	0	0	0	0	0	0	0	2	2	14	18	13	4	9	14	11	16	11	8	0			4	1	1	9	1	1	0	2	3	4	12			0	0	1	2	0	0	5	3	2	0	0	0	13	7	2	0	0	0	0	0	0	0	0	0	0	9	0	0	0	0	5	14	30	25	4	0	0	0	78			1	1	2	0	0	1	2	1	2					0	0	0	0	0	0	0	0	0			15.2(25)	19.8(26)	23.9(16)	26.0(30)	33.5(15)	40.7(28)	38.8(12)	37.2(17)	32.7(04)	28.0(08)	19.3(01)	16.0(21)	40.7(28/jun)	-1.8(11)	-1.4(04)	3.2(07)	2.5(04)	7.2(04)	9.0(07)	16.2(28)	15.0(27)	12.0(23)	6.3(21)	0.7(19)	2.3(31)	-1.8(11/ene)	6	5	8	8	8	9	7	7	8	5	10	7	7
3175	MADRID/TORREJ”N	MADRID	TORREJ”N_DE_ARDOZ	607	326372	402919	4	1	3	11	2	1	4	2	7	10	16	13	74	14	13	17	17	22	19	20	18	17	23	17	18	215	0	0	0	0	0	0	0	0	0	0	0	0	0	0	0	0	0	0	0	0	0	0	0	0	0	0	2	0	0	0	0	0	0	0	0	0	0	5	7	13	15	12	4	6	10	11	12	9	5	0	4	101	4	0	2	9	3	1	0	1	4	3	13	9	49	0	0	1	2	0	0	3	2	2	1	0	0	11	24	21	6	0	0	0	0	0	0	0	3	6	60	0	0	0	0	6	17	29	28	8	0	0	0	88		3	3	7	3	6	5	5	4		8				0	0	0	0	0	1	0	0		0			17.8(07)	22.0(26)	25.7(16)	26.9(30)	33.0(15)	41.9(28)	39.9(12)	38.0(17)	34.7(01)	29.9(08)	21.7(01)	17.2(25)	41.9(28/jun)	-5.9(06)	-4.4(04)	-1.1(22)	0.9(13)	3.3(04)	5.2(12)	13.8(28)	13.4(14)	10.2(29)	3.1(21)	-2.7(19)	-2.8(28)	-5.9(06/ene)													
2462	NAVACERRADA_PUERTO	MADRID	CERCEDILLA	1894	400382	404735	2	1	3	7	5	4	9	7	11	8	11	9	77	10	12	18	10	15	22	20	20	11	16	1	13	168	9	2	5	13	3	1	0	0	0	5	17	9	64	0	1	0	1	0	1	0	2	1	0	1	0	7	18	4	7	16	7	4	3	4	10	14	30	16	133	9	10	9	1	8	6	9	8	10	3	0	4	77	12	6	4	19	8	2	2	3	9	12	29	14	120	1	0	0	1	0	0	2	3	3	1	1	0	12	22	16	16	17	5	1	0	0	0	7	21	16	121	0	0	0	0	0	2	1	0	0	0	0	0	3	11		6	17		14	6		6		24	12		3		1	4		0	0		0		2	7		12.7(15)	13.8(24)	15.5(15)	17.0(30)	23.5(31)	32.0(29)	31.3(12)	28.5(17)	23.2(04)	22.4(08)	10.6(01)	16.2(28)	32.0(29/jun)	-10.3(11)	-8.9(03)	-5.7(20)	-7.4(04)	-2.8(18)	-1.0(07)	4.5(30)	4.6(12)	1.5(10)	-1.1(21)	-6.2(16)	-3.1(23)	-10.3(11/ene)	14	15	13	14	11	16	12	11	13	13	18	17	14
6155A	M¡LAGA/AEROPUERTO	MALAGA	M¡LAGA	5	428562	363958	3	1	6	11	0	0	0	0	3	4	7	7	42	16	20	15	22	18	14	10	11	16	21	22	21	206	0	0	0	0	0	0	0	0	0	0	0	0	0	0	0	0	0	0	0	0	0	0	0	0	0	0	1	0	0	0	0	0	0	0	1	1	0	0	3	11	8	12	6	12	16	21	20	9	9	3	5	132	4	0	4	2	1	0	0	0	5	1	5	5	27	0	0	0	1	0	0	0	0	1	0	0	0	2	0		0	0	0	0	0	0	0	0	0	0		0		0	0	3	12	23	19	7	3	0	0		5		2	2	2	2	0	1			7			0		0	0	0	0	0	0			0			23.5(25)		27.8(17)	27.2(15)	32.7(24)	34.5(19)	39.1(15)	40.6(07)	35.6(25)	35.2(01)	27.6(01)	23.9(23)		1.9(13)		6.6(09)	9.4(02)	12.9(02)	14.7(04)	19.8(18)	20.4(30)	16.1(24)	10.3(23)	6.6(17)	5.7(31)		17	16		14	17	16	15	15	13	14	18	15	
6000A	MELILLA	MELILLA	MELILLA	52	257232	351635	9	3	8	9	4	1	0	1	4	2	8	7	56	19	16	18	22	19		15	17	23	23	23	22	217	0	0	0	0	0	0	0	0	0	0	0	0	0	0	1	0	0	0	0	0	0	0	0	1	0	2	0	0	0	0	0	1	0	0	0	0	1	1	3	10	10	6	5	10		13	12	3	6	3	4		2	2	7	3	2		3	2	4	2	4	5		0	1	0	0	0	1	0	1	1	0	2	1	7	0	0	0	0	0	0	0	0	0	0	0	0	0	0	0	0	0	1	2	7	12	1	2	0	0	25								0				7									0				1		21.2(14)	22.7(01)	24.9(17)	28.0(15)	31.7(28)	31.4(30)	33.7(30)	34.9(08)	31.1(25)	32.1(01)	24.4(01)	23.7(21)	34.9(08/ago)	6.1(06)	6.4(05)	9.1(10)	10.3(24)	13.9(15)	16.7(04)	19.6(10)	20.0(28)	16.8(12)	12.6(25)	7.0(16)	9.0(26)	6.1(06/ene)	12	12	14	12	13	13	13	12	10	10	13	13	12
7178I	MURCIA	MURCIA	MURCIA	61	110152	380007	2	0	8	12	4	2	0	3	5	6	8	6	56	13	19	15	13	22	16	11	13	22	21	24	19	208	0	0	0	0	0	0	0	0	0	0	0	0	0	0	0	0	0	0	0	0	0	2	0	0	0	2	0	0	0	1	0	0	0	0	0	0	1	2	4	15	9	13	8	7	14	19	17	4	9	3	5	123	3	0	3	9	2	0	1	1	4	1	3	7	34	0	0	0	2	2	0	1	3	3	1	0	1	13	3	0	0	0	0	0	0	0	0	0	0	0	3	0	0	0	0	7	24	31	30	16	7	0	0	115	3	2	0	3	0	0	1	0	1	0	5	0	15	0	0	0	0	0	0	0	0	0	0	0	0	0	22.8(31)	28.3(28)	28.9(17)	29.5(14)	34.0(15)	37.8(29)	40.5(15)	42.6(09)	36.0(01)	34.8(01)	28.7(01)	24.9(26)	42.6(09/ago)	-1.4(12)	3.0(05)	4.9(01)	6.1(06)	11.3(04)	14.4(01)	20.4(09)	19.4(24)	15.8(12)	9.6(23)	3.1(17)	4.2(11)	-1.4(12/ene)	8	10	9	10	10	11	12	10	9	7	10	7	9
7228	MURCIA/ALCANTARILLA	MURCIA	MURCIA	75	113432	375728	2	0	4	9	3	2	2	4	6	4	7	4	47	14	19	17	14	22	16	13	14	23	21	25	17	215	0	0	0	0	0	0	0	0	0	0	0	0	0	0	0	0	0	0	0	0	0	0	0	0	0	0	0	0	0	0	1	0	0	0	0	0	0	0	1	16	9	10	9	9	14	17	17	5	8	3	6	123	1	0	4	7	0	0	1	0	2	2	2	8	27	0	0	0	1	1	0	1	2	2	0	0	0	7	9	0	0	0	0	0	0	0	0	0	0	0	9	0	0	0	0	7	24	31	30	19	8	0	0	119	4	3	1		1	0	0	0	2	0	6	1		0	0	0		0	0	0	0	0	0	0	0		23.0(31)	27.7(28)	28.9(17)	29.2(14)	34.5(15)	38.0(29)	41.2(07)	42.8(09)	36.5(01)	34.8(01)	28.7(01)	24.8(26)	42.8(09/ago)	-3.5(12)	0.9(26)	1.3(28)	5.2(07)	10.5(20)	11.2(06)	18.3(10)	18.0(24)	15.0(12)	8.2(21)	1.3(17)	1.8(31)	-3.5(12/ene)													
7031	MURCIA/SAN_JAVIER	MURCIA	SAN_JAVIER	4	48122	374720	4	1	6	5	0	2	1	3	7	4	7	4	44														0	0	0	0	0	0	0	0	0	0	0	0	0	0	0	0	0	0	0	0	0	0	0	0	0	0	0	1	0	0	0	0	0	1	0	0	0	0	2																											0	0	0	0	0	0	0	1	0	0	0	1	2	1	0	0	0	0	0	0	0	0	0	0	0	1	0	0	0	0	0	4	9	10	3	3	0	0	29																											22.5(31)	23.2(07)	27.0(17)	26.8(14)	28.0(08)	31.5(29)	36.5(14)	34.8(09)	32.5(01)	30.5(03)	29.0(01)	25.5(26)	36.5(14/jul)	-0.7(12)	1.9(26)	4.0(01)	6.0(05)	10.5(04)	12.5(02)	19.0(09)	19.5(28)	16.0(11)	10.0(24)	5.5(20)	4.5(11)	-0.7(12/ene)													
9262	PAMPLONA_OBSERVATORIO	NAVARRA	PAMPLONA/IRU—A	450	138182	424904	13	2	7	10		7	8	4	8	12	25																0	2	0	1		0	0	0	0	0	0			0	1	0	0		0	0	0	0	0	0			1	0	0	0		0	0	0	0	2	0																													0	1	1	1		0	1	2	1	1	0			2	3	0	0	0	0	0	0	0	0	1			0	0	0	0	0	15	14	18	3	0	0																													14.7(03)	23.1(27)	22.3(16)	22.9(22)	29.0(31)	39.8(29)	37.6(25)	35.1(09)	31.5(14)	28.6(08)	19.0(01)			-0.6(11)	-1.3(04)	0.4(21)	1.3(04)	2.8(06)	5.2(12)	11.3(29)	10.6(14)	7.5(09)	5.3(22)	-0.9(16)															
9263D	PAMPLONA/NOAIN	NAVARRA	GALAR	459	139002	424637	16	4	8	16	14	8	13	6	11	14	26	11	147	7	12	14	16	17	18	24	20	23	23	8	19	201	2	2	0	0	0	0	0	0	0	0	0	0	4	0	1	0	1	0	0	0	0	0	0	0	0	2	0	0	1	0	0	0	1	0	2	3	1	10	18	6	12	10	1	3	5	5	7	4	2	0	1	56	18	4	7	13	11	7	2	4	3	6	22	11	108	0	1	1	4	3	1	10	3	2	2	1	1	29	13	16	5	4	1	0		0	0	0	4	7		0	0	0	0	0	15		19	7	0	0	0		7	3		3		7		2			7	7		0	0		0		0		0			0	2		13.2(05)	22.6(27)	22.7(23)	23.7(15)	29.2(31)	41.3(29)		36.9(09)	31.5(17)	28.7(08)	19.7(04)	16.7(28)		-3.1(04)	-3.0(16)	-2.1(21)	-0.6(13)	-0.1(06)	3.2(12)		9.1(16)	5.9(09)	4.0(22)	-1.1(20)	-2.6(29)		16	9	15	13	17	13	16	14	14	11	12	11	13
1690A	OURENSE	OURENSE	OURENSE	143	751352	421931	15	8	9	18	8	16	7	8	13	20	29	17	168														0	0	0	0	0	0	0	0	0	0	0	0	0	0	0	0	0	0	0	1	0	0	0	0	1	2	5	5	1	2	0	0	0	0	0	4	3	14	34																											0	0	0	2	0	0	3	1	3	1	0	2	12	15	4	1	0	0	0	0	0	0	0	0	5	25	0	0	0	0	7	3	20	20	9	0	0	0	59		0	0	0	0	0	0	0	0	0	0	2			0	0	0	0	0	0	0	0	0	0	0		16.5(25)	25.5(25)	26.7(26)	28.8(29)	36.6(31)	34.9(01)	37.6(22)	38.1(23)	35.5(03)	29.8(07)	22.0(01)	17.8(24)	38.1(23/ago)	-5.3(06)	-1.0(04)	0.0(18)	0.1(04)	4.6(19)	4.8(08)	10.1(30)	9.3(13)	8.6(08)	5.2(22)	2.6(16)	-1.2(29)	-5.3(06/ene)	3	4	5	5	5	5	5	5	5	4	5	4	5
1484C	PONTEVEDRA	PONTEVEDRA	PONTEVEDRA	108	836572	422618	15	9	13	16	9	16	8	6	14	20	29	17	172	5	18	6	15	10	17	19	14	12	13	12	10	151	0	0	0	0	0	0	0	0	0	0	0	0	0	0	1	1	4	0	0	0	0	0	0	0	1	7	2	0	0	0	0	0	1	2	4	3	3	3	18	16	6	15	4	15	3	11	10	10	4	0	6	100	10	4	10	11	6	10	1	7	8	14	18	15	114	0	1	1	2	0	0	1	0	1	0	2	2	10	0	0	0	0	0	0	0	0	0	0	0	0	0	0	0	0	0	3	0	4	2	5	0	0	0	14	2	3	3	4			0	1	0	0				0	0	0	0			0	0	0	0				16.2(09)	23.5(26)	25.8(26)	27.0(20)	33.9(31)	29.4(01)	33.5(12)	32.4(22)	33.8(13)	23.9(10)	18.5(01)	19.8(25)	33.9(31/may)	1.1(02)	1.2(03)	3.9(13)	3.5(04)	5.8(19)	7.3(08)	11.1(30)	10.8(13)	10.1(28)	6.1(22)	3.3(16)	1.8(04)	1.1(02/ene)	7	7	10	10	10	10	9	9	9	7		9	
1495	VIGO/PEINADOR	PONTEVEDRA	REDONDELA	261	837262	421419	15	8	13	17	8	13	8	9	14	19	29	19	172	6	17	8	19	11	15	16	16	14	14	7	10	153	0	0	0	0	0	0	0	0	0	0	0	0	0	0	1	0	2	0	0	0	0	0	0	1	0	4	10	8	4	8	4	5	9	14	11	19	22	0	114	15	6	13	1	14	4	10	7	9	4	0	6	89	10	5	10	10	6	11	5	8	7	13	23	15	123	0	1	0	2	0	0	1	0	1	0	1	0	6	0	0	0		0	0	0	0	0	0	0	3		0	0	0		2	1	4	1	6	0	0	0		3		3		2		0	1		0	11	6		0		0		0		0	0		0	0	1		15.3(01)	23.3(26)	25.0(24)		33.1(31)	30.7(01)	35.0(12)	32.3(22)	34.1(13)	23.3(07)	18.1(01)	20.0(29)		0.4(12)	1.0(03)	2.7(15)		5.5(19)	7.7(12)	11.3(31)	10.9(13)	9.8(28)	6.0(22)	2.7(16)	-2.0(04)		12	12	13	14	15	14	13	13	12	12	13	14	13
2867	SALAMANCA/MATACAN	SALAMANCA	CALVARRASA_DE_ABAJO	790	529542	405734	6	2	4	15	4	5	5	5	7	12	20	11	96	11	18	18	18	16	23	17	17	14	19	13	14	198	0	1	0	0	0	0	0	0	0	0	0	0	1	0	1	0	1	0	0	0	0	0	0	0	0	2	8	2	3	3	0	1	0	0	3	3	2	9	34	10	7	10	2	11	6	14	10	10	2	0	1	83	10	3	3	10	4	1	0	4	6	10	17	16	84	0	0	0	3	0	1	3	3	2	1	0	0	13	23	23	20	5	0	0	0	0	0	2	5	14	92	0	0	0	0	2	10	23	20	3	0	0	0	58			3	8			1		2		13	9				0	1			0		0		0	4		15.5(24)	22.7(26)	23.1(16)	24.9(30)	31.7(31)	39.4(28)	38.1(12)	34.8(24)	31.5(04)	29.7(08)	19.9(01)	15.8(24)	39.4(28/jun)	-8.4(05)	-5.8(04)	-3.7(01)	-4.8(04)	1.5(18)	3.4(06)	7.5(30)	7.0(12)	5.1(27)	-0.5(21)	-3.7(16)	-5.7(31)	-8.4(05/ene)		8	13	16	16	15	12	10	11	11	21	16	
2870	SALAMANCA_OBS	SALAMANCA	SALAMANCA	775	539442	405727																																																																																																									22	10	3	1	0			0	0	0	1	6		0	0	0	0	3			20	2	0	0	0		2	1	1	4	2			0	0	1	5	4		0	0	0	0	0			0	0	0	0	1		16.5(26)	22.2(26)	23.4(16)	26.0(30)	32.5(31)			34.9(30)	32.2(04)	29.2(07)	19.7(01)	16.9(24)		-5.4(07)	-3.0(04)	0.0(01)	-0.6(04)	4.4(18)			11.3(13)	9.0(07)	2.6(21)	-0.7(16)	-2.5(31)		7	5	7	9	8			7	6	6	11	8	
C929I	HIERRO/AEROPUERTO	SANTA_CRUZ_DE_TENERIFE	VALVERDE	32	1753202	274908	5	5	9	6	0	5	1	0	2	7	7	5	52	25	17	29	29	30	18	29	29	25	27	28	23	309	0	0	0	0	0	0	0	0	0	0	0	0	0	0	0	0	0	0	0	0	0	0	0	0	0	0	0	0	0	0	0	0	0	0	0	0	0	0	0	6	10	2	1	1	12	1	1	5	3	1	7	50	0	1	0	0	0	0	1	1	0	1	1	1	6	0	0	0	0	0	0	0	0	0	0	0	0	0	0	0	0	0	0	0	0	0	0	0	0			0	0	0	0	0	0	0	0	0	0	0				7	10		4				0		13				0	0		0				0		0			23.6(01)	26.6(12)	23.4(26)	22.9(15)	24.7(16)	27.4(23)	26.1(14)	27.6(10)	27.1(22)	29.2(27)	25.1(01)			15.4(15)	14.6(22)	14.3(25)	13.4(02)	18.1(05)	17.4(16)	20.7(11)	21.5(01)	21.2(21)	18.5(25)	18.1(21)			22	23	26		25	22		24	23		27		
C430E	IZA—A	SANTA_CRUZ_DE_TENERIFE	LA_OROTAVA	2371	1629582	281832	2	3	3	4	0	0	0	2	1	4	4	0	23														2	1	4	1	0	0	0	0	0	0	0	4	12	0	0	0	0	0	0	0	0	0	1	0	1	2	7	6	11	11	0	0	0	0	1	6	13	9	64														6	2	4	2	2	3	2	1	2	3	9	5	41	0	0	0	0	0	0	0	0	1	1	0	0	2	6	5	10	8	0	0	0	0	0	1	2	6	38	0	0	0	0	0	0	0	0	0	0	0	0	0	7		7	15	8	10	7	6	17	13	18	19		1		0	4	0	0	0	1	0	2	1	4		13.7(28)	14.7(25)	15.4(22)	18.0(16)	20.2(09)	21.6(01)	26.8(26)	27.9(22)	24.2(15)	24.6(01)	16.8(25)	14.9(21)	27.9(22/ago)	-2.9(22)	-2.2(15)	-2.3(30)	-4.2(06)	3.4(02)	5.7(13)	5.2(11)	8.3(05)	8.4(09)	0.0(21)	-1.4(15)	-1.4(05)	-4.2(06/abr)	24		20	28	21	25	20	20	26	24	30	34	
C139E	LA_PALMA/AEROPUERTO	SANTA_CRUZ_DE_TENERIFE	BRE—A_BAJA	33	1745182	283759	13	4	9	5	1	6	4	1	5	10	13	10	81	22	17	24	26	24	22	27	22	25	25	19	20	273	0	0	0	0	0	0	0	0	0	0	0	0	0	0	0	0	0	0	0	0	0	0	0	0	0	0	0	0	0	0	0	0	0	0	0	0	0	0	0	3	9	3	2	5	5	2	8	3	3	2	6	51														0	0	0	0	0	0	0	0	0	1	0	0	1	0	0	0			0	0	0	0	0		0		0	0	0			0	0	1	0	0		0		4	3	4					1	0	0		7		0	0	0					0	0	0		0		26.1(13)	28.3(23)	22.7(26)			27.4(24)	26.7(20)	30.5(17)	27.2(08)	28.9(27)		29.0(29)		13.8(22)	14.0(10)	13.5(30)			16.9(16)	19.0(25)	21.0(01)	19.3(10)	17.0(25)		15.3(17)		16	16	20		22		26	23	19	16		17	
C449C	STA.CRUZ_DE_TENERIFE	SANTA_CRUZ_DE_TENERIFE	SANTA_CRUZ_DE_TENERIFE	35	1615192	282748	9	4	10	10	2	8	2	0	1	5	9	8	68	20	16	20		14						21		91	0	0	0	0	0	0	0	0	0	0	0	0	0	0	0	0	0	0	0	0	0	0	1	0	1	2	0	0	0	0	0	0	0	0	0	0	0	0	0	6	12	7		17						4			5	0	4		0						5			0	0	0	1	0	0	0	0	0	1	0	0	2	0	0	0	0	0	0	0	0	0	0	0	0	0	0	0	0	0	1	2	4	11	1	2	1	0	22		2	2	1		0		0	0	1		2			0	0	0		0		0	0	0		0		24.2(01)	27.6(13)	25.2(16)	27.6(30)	30.9(27)	33.0(03)	34.4(24)	33.7(16)	31.8(30)	31.8(01)	30.4(02)	27.1(24)	34.4(24/jul)	13.8(10)	13.7(10)	14.5(15)	15.0(07)	16.0(06)	17.3(16)	20.2(05)	20.4(01)	20.6(18)	18.2(23)	17.0(17)	15.4(31)	13.7(10/feb)	11	10	11	12	12	11		11	11	9	10	10	
C447A	TENERIFE/LOS_RODEOS	SANTA_CRUZ_DE_TENERIFE	SAN_CRIST”BAL_DE_LA_LAGUNA	632	1619462	282839	14	6	16	15	11	10	9	4	3	8	19	17	132	20		24	21	20		24	23		21	16	23	192	0	0	0	0	0	0	0	0	0	0	0	0	0	0	0	0	0	0	0	0	0	0	0	0	0	0	3	3	1	4	5	7	6	4	2	4	1	2	42	3		2	1	5		3	8		5	0	2		8		5	8	6		4	0		5	14	6		0	0	0	0	0	0	0	0	1	1	0	0	2		0		0		0	0	0	0	0	0	0			0		0		2	0	7	1	3	0	0			4		9		7	15	5		1	6				0		0		0	0	0		0	0				24.6(13)		22.1(14)		33.0(02)	27.8(25)	36.4(24)	33.7(30)	33.9(01)	29.0(02)	23.6(25)			7.9(17)		8.7(07)		10.8(16)	14.5(12)	14.7(08)	14.1(21)	11.6(25)	10.1(20)	9.3(19)		18	17		24	24	21	31	24	22	17		17	
C429I	TENERIFE/SUR	SANTA_CRUZ_DE_TENERIFE	GRANADILLA_DE_ABONA	64	1633402	280249	2	1	3	2	0	0	0	0	3	4	2	0	17	26	10	19	26	17	22	16	9	16	17	20	19	217	0	0	0	0	0	0	0	0	0	0	0	0	0	0	0	0	0	0	0	0	0	0	0	0	0	0	0	0	0	0	0	0	0	0	0	0	0	0	0	4	18	11	2	11	5	15	21	13	12	9	11	132	1	0	1	2	3	3	0	1	1	2	1	1	16	0	0	0	0	0	0	0	0	0	0	0	0	0	0	0	0	0	0	0	0	0	0	0	0			0	0	0	0	0	1	1	8	2	3	2			4	5	12	5	9		17		8		15			0	0	0	0	0		0		0		0			24.5(13)	29.1(11)	26.8(10)	25.6(30)	28.8(24)	32.2(03)	32.2(25)	36.4(17)	30.6(30)	35.3(02)	31.1(02)			12.9(26)	12.0(10)	12.4(26)	12.5(04)	14.9(06)	16.1(07)	17.8(25)	18.5(15)	18.6(20)	16.7(25)	14.9(19)			21	20	24	18	21	20	27	28	24	22	28	20	23
2465	SEGOVIA	SEGOVIA	SEGOVIA	1005	407352	405643	8	1	6	14	7	7	8	7	11	15	24	13	121														4	2	0	1	0	0	0	0	0	0	3	0	10	0	0	0	3	0	0	2	1	0	0	0	0	6	4	0	0	1	0	0	0	0	0	0	2	4	11	16	8	13	8	15	14	21	25	13	8	2	7	150														0	0	0	2	1	0	6	4	3	1	0	0	17	18	4	5	1	0	0	0	0	0	0	2	1	31	0	0	0	0	0	10	21	16	1	0	0	0	48	2		2		2	8	3	0	2	3	9			0		0		0	1	0	0	0	0	0			13.8(26)	20.8(27)	22.0(16)	22.0(30)	29.8(31)	38.1(29)	36.4(22)	34.2(17)	30.4(04)	28.2(08)	16.9(01)	17.6(25)	38.1(29/jun)	-6.3(11)	-3.5(03)	-2.1(26)	-3.5(04)	2.4(04)	3.5(12)	9.4(28)	8.4(12)	6.0(06)	2.6(22)	-0.3(15)	-0.2(03)	-6.3(11/ene)	9	9	10	12	11	14	12	10	9	9	16	12	11
5796	MOR”N_DE_LA_FRONTERA	SEVILLA	ARAHAL	87	536412	370952	4	3	5	13	0	1	1	1	7	3	17	7	62	11	19	16	15	15	16	9	6	13	21	18	17	176	0	0	0	0	0	0	0	0	0	0	0	0	0	0	0	0	1	0	0	0	0	1	0	0	0	2	3	1	3	1	0	0	0	0	1	2	4	5	20	15	16	13	9	18	17	16	24	14	13	4	6	165	4	1	2	7	1	0	1	0	4	2	10	7	39	0	0	1	2	0	0	0	0	3	1	1	0	8	4	0	0	0	0	0	0	0	0	0	0	0	4	0	0	0	0	14	16	25	31	21	11	0	0	118	0	1	1	1	0	0	0	0	1	1		4		0	0	0	0	0	0	0	0	0	0		0		19.9(25)	24.2(26)	26.7(15)	29.9(30)	35.1(28)	36.3(02)	39.2(11)	39.7(17)	37.7(03)	33.8(08)	25.6(01)	23.7(27)	39.7(17/ago)	-2.0(08)	0.2(03)	3.4(15)	3.9(04)	10.2(18)	10.9(06)	14.2(05)	14.9(13)	12.8(24)	7.0(16)	0.6(16)	1.8(12)	-2.0(08/ene)	7	5	8	9	9	8	9	6	6	5	9	9	8
5783	SEVILLA/SAN_PABLO	SEVILLA	SEVILLA	34	552452	372500	4	1	2	13	1	0	0	0	4	4	14	7	50	13	11	17	17	12	13	14	7	14	16	18	19	171	0	0	0	0	0	0	0	0	0	0	0	0	0	0	0	0	0	0	0	0	0	0	0	0	0	0	5	3	3	2	0	0	0	0	1	1	2	3	20														3	1	1	4	1	0	1	0	2	2	8	6	29	0	0	0	3	0	0	0	0	2	2	0	1	8	0	0	0	0	0	0			0	0	0	0		0	0	0	2	19	22			23	12	0	0		1		2			0			1	2				0		0			0			0	0				21.2(26)	24.6(26)	28.1(11)	30.8(30)	36.5(28)	37.6(02)			37.6(03)	35.5(07)	27.9(01)	21.9(27)		0.5(06)	1.4(03)	4.4(07)	6.9(11)	11.4(18)	12.5(15)			14.7(24)	8.9(24)	1.3(16)	4.2(12)		10	10	13	13	15	15		13	11	10	13	14	
2030	SORIA	SORIA	SORIA	1082	228592	414630	5	1		14	8	8	11	6	8	10	20	10															5	3		6	0	0	0	0	0	0	5	0		0	0		0	0	0	1	0	0	0	0	0		0	2		3	0	0	0	0	0	1	3	4																												0	0		2	2	0	10	4	5	1	1	0		21	21	11	2	1	0	0	0	0	0	6	12	74	0	0	0	0	0	10	18	18	0	0	0	0	46	4	1	2		2	0	0	0	1	1	4	5		0	0	0		0	0	0	0	0	0	0	1		17.0(04)	21.8(23)	23.2(16)	22.0(29)	28.6(31)	37.9(29)	35.9(12)	34.2(17)	29.5(03)	28.5(08)	16.3(01)	20.0(28)	37.9(29/jun)	-5.3(15)	-4.6(04)	-3.1(22)	-2.7(04)	-0.7(06)	2.1(08)	9.2(28)	9.4(22)	6.7(23)	1.5(21)	-2.8(16)	-3.2(03)	-5.3(15/ene)	10	7	10	11	12	10	9	8	10	8	13	10	10
0016A	REUS/AEROPUERTO	TARRAGONA	REUS	71	109491	410842	5	1	2	10	10	3	8	4	7	8	6	8	72	17	18	20	23	18	18	13	18	21	25	27	21	239	0	0	0	0	0	0	0	0	0	0	0	0	0	0	0	0	0	0	0	0	0	0	0	0	0	0	0	1	2	0	0	0	0	0	0	0	0	0	3	12	10	8	1	6	10	15	11	6	4	2	5	90	2	0	3	6	7	2	3	2	3	2	1	5	36	0	0	0	2	0	0	1	3	2	2	0	0	10	7	0	0	0	0	0	0	0	0	0	0	0	7	0	0	0	0	0	6	29	26	3	0	0	0	64		5	5					1	2			10			0	0					0	0			3		19.4(06)	24.0(22)	26.3(17)	24.4(27)	28.5(12)	36.1(29)	33.9(07)	33.9(09)	31.7(18)	28.5(07)	25.9(02)	20.2(25)	36.1(29/jun)	-2.7(11)	0.6(13)	2.8(08)	5.1(07)	5.5(06)	9.0(12)	18.6(10)	15.5(14)	13.7(07)	8.3(24)	0.3(16)	0.7(31)	-2.7(11/ene)	16	10	13	16	14	13	13	12	12	11	17	14	13
9981A	TORTOSA	TARRAGONA	ROQUETES	50	29361	404913	6	1	2	13	10	4	6	6	9	4	9	9	79	19	13	20	19	21	18	14	16	21	21	27	17	226	0	0	0	0	0	0	0	0	0	0	0	0	0	0	1	0	0	0	0	0	0	0	0	0	0	1	0	1	2	1	0	0	0	0	0	1	0	0	5	10	15	8	2	6	10	15	12	5	6	3	6	98	2	0	3	9	4	2	2	3	4	4	0	8	41	1	1	0	2	0	0	6	2	2	1	1	0	16	0	1	0	0	0	0	0	0	0	0	0	0	1	0	0	0	0	0	19	30	29	23	4	0	0	105	14	4	8	6	8	1	6	0		5	13	9		2	1	0	0	0	0	0	0		0	2	4		20.0(26)	27.2(27)	28.6(10)	28.9(14)	29.6(10)	42.4(29)	39.8(07)	39.2(09)	33.9(17)	30.7(01)	28.3(02)	23.3(24)	42.4(29/jun)	1.1(04)	-0.1(17)	4.4(12)	6.3(04)	10.3(06)	12.3(12)	16.7(09)	17.9(28)	13.9(11)	10.7(26)	2.6(20)	2.8(28)	-0.1(17/feb)	15	10	10	11	13	11	12	10		9	12	11	
9381I	CALAMOCHA	TERUEL	CALAMOCHA	890	117362	405534	6	1		15			8	4	10	6	16	8		17	14				20	25	15					91	3	3		3			0	0	0	1	3	0		0	0		1			2	1	0	0	2	3		0	3		0			0	0	1	2	0	1		10	14				8	6	15						4	0				2	0	1						0	0		5			8	4	4	1	1	0		23	23	19	3	1	0	0	0	0	0	5	13	87	0	0	0	0	0	16	24	23	3	0	0	0	66	4	3		3	3	1	0	2	1	0	5			0	0		0	0	0	0	0	0	0	0			14.8(26)	23.0(27)	26.0(16)	23.2(15)	29.5(16)	39.5(29)	37.4(23)	37.0(05)	31.0(30)	29.4(08)	21.2(01)	17.6(21)	39.5(29/jun)	-8.1(05)	-5.5(17)	-5.2(21)	-2.1(13)	-1.7(06)	0.9(12)	9.5(28)	8.2(14)	4.7(06)	2.2(17)	-3.6(19)	-6.0(28)	-8.1(05/ene)	7	8	9	10	9	11	9	8	8	7	9	8	9
8368U	TERUEL	TERUEL	TERUEL	900	107272	402102	6	1	3	16	6	5	3	2	9	4	8	8	71														0	1	0	0	0	0	0	0	0	0	2	0	3	0	0	0	0	0	0	0	1	0	0	0	0	1	0	3	1	3	1	0	0	1	2	3	2	6	22	17	16	10	2	8	12	18	17	4	9	4	2	119														0	0	0	0	3	0	6	2	7	0	0	0	18	24	25	21	2	1	0	0	0	0	0	6	17	96	0	0	0	0	0	17	26	23	5	0	0	0	71	2	3	1	0	1	0	0	0	0	0	1	3	11	0	0	0	0	0	0	0	0	0	0	0	0	0	15.7(15)	23.0(27)	25.9(16)	23.6(29)	29.8(31)	38.8(29)	39.4(12)	37.7(17)	33.7(01)	29.2(01)	21.2(01)	19.0(21)	39.4(12/jul)	-9.4(11)	-5.6(17)	-4.1(21)	-1.7(04)	-0.4(06)	0.7(12)	11.2(29)	10.8(22)	7.4(06)	0.9(17)	-4.1(17)	-6.7(28)	-9.4(11/ene)	7	7	7	8	8	8	7	7	6	5	8	7	7
3260B	TOLEDO	TOLEDO	TOLEDO	515	402432	395305																																																																																																									21	5	0		0	0	0	0			1	3		0	0	0		9	20	30	29			0	0		5	3	2		1	1	2	1			9	6		0	1	0		0	0	0	0			0	1		19.0(25)	23.7(26)	27.4(16)		34.9(15)	41.9(29)	41.0(12)	39.0(17)			22.7(01)	19.1(21)		-4.4(07)	-2.9(04)	0.9(14)		6.9(04)	9.6(12)	15.6(09)	15.5(12)			0.0(19)	-1.2(31)		10	11	12		14	14	13	13		9	15	11	
8416	VALENCIA	VALENCIA	VAL»NCIA	11	21592	392850	2	0	4	14	11	0	4	4	6	5	5	4	59														0	0	0	0	0	0	0	0	0	0	0	0	0	0	0	0	0	0	0	0	0	0	0	0	0	0	0	0	0	0	0	0	0	0	0	0	0	0	0																											0	0	0	0	0	0	0	0	0	0	0	0	0	0	0	0	0	0	0	0	0	0	0	0	0	0	0	0	0	1	1	5	20	19	3	2	1	0	52																											21.8(25)	25.4(27)	29.8(17)	30.4(14)	32.5(10)	35.5(29)	37.8(07)	41.4(09)	34.5(24)	35.0(01)	30.1(01)	25.3(21)	41.4(09/ago)	1.7(11)	4.0(17)	7.1(29)	9.3(05)	9.0(04)	13.2(12)	21.3(03)	18.8(27)	15.6(11)	12.0(24)	6.0(19)	5.8(31)	1.7(11/ene)	14	13	13	17	16	15	15	15	14	11	19	13	15
8414A	VALENCIA/AEROPUERTO	VALENCIA	MANISES	56	28292	392906	2	0	4	15	10	0	5	4	10	7	5	5	67	13	12	19	21	20	18	13	11	21	18	23	21	210	0	0	0	0	0	0	0	0	0	0	0	0	0	0	0	0	0	0	0	0	0	0	0	0	0	0	0	0	0	0	0	0	0	0	0	0	0	1	1														1	0	2	7	3	0	0	3	5	4	3	8	36	0	0	1	3	2	0	3	2	4	1	0	1	17	3	0	0	0	0	0	0	0	0	0	0	0	3	0	0	0	1	1	8	29	26	8	3	0	0	76		4			2		1	3	3	0	16	7			1			0		0	0	0	0	0	3		21.0(26)	27.3(27)	29.6(17)	30.5(14)	32.7(10)	37.6(29)	38.3(07)	42.4(09)	35.0(24)	35.3(01)	29.5(01)	24.7(21)	42.4(09/ago)	-1.7(11)	0.3(04)	3.3(28)	6.7(05)	6.9(04)	11.0(12)	19.5(03)	17.1(22)	15.1(11)	9.1(24)	1.6(19)	2.1(28)	-1.7(11/ene)													
2422	VALLADOLID	VALLADOLID	VALLADOLID	735	445162	413827	5	3	5	14	6	6	10	5	6	14	26	12	112	16	18	18	22	20	23	20	18	17	20	18	15	225	2	2	0	1	0	0	0	0	0	0	0	0	5	0	0	0	1	0	0	1	0	1	1	1	0	5	4	0	1	2	1	0	0	0	1	4	0	11	24	6	8	11	2	9	6	10	12	10	3	0	0	77	9	2	2	6	2	1	1	1	3	8	12	16	63	0	0	0	2	0	0	5	2	2	1	1	0	13	20	12	2	1	0	0	0	0	0	0	2	6	43	0	0	0	0	2	12	23	20	2	0	0	0	59	1	1	1	4	1		1		1	0	4			0	0	0	0	0		0		0	0	0			15.7(24)	21.8(26)	23.0(16)	24.0(29)	31.6(31)	39.8(28)	38.7(22)	35.3(03)	31.2(04)	28.9(08)	18.9(01)	15.9(21)	39.8(28/jun)	-5.5(05)	-3.6(04)	-0.8(14)	-1.0(04)	3.7(06)	6.0(08)	10.8(28)	9.7(12)	9.1(23)	4.1(21)	-1.1(19)	-1.5(29)	-5.5(05/ene)	7	5	7	9	8	9	7	7	7	6	10	8	8
2539	VALLADOLID/VILLANUBLA	VALLADOLID	VILLANUBLA	846	451202	414243	4	4	4	10	5	5	4	3	7	11	22	11	90	13	17	16	19	20	19	20	16	17	15	16	15	203	1	1	0	0	0	0	0	0	0	0	0	0	2	0	0	0	2	0	0	1	0	0	0	2	0	5	6	1	2	0	0	0	1	0	0	5	1	10	26	10	9	12	1	7	8	10	12	9	5	0	1	84	8	2	3	10	4	3	1	3	4	11	14	15	78	0	0	1	2	0	1	5	1	2	1	0	0	13	27	19	12	5	1	0	0	0	0	0	5	14	83	0	0	0	0	0	7	19	17	0	0	0	0	43																											14.9(24)	20.2(26)	20.1(16)	21.9(29)	29.7(31)	38.9(28)	37.4(22)	33.6(03)	29.7(04)	27.3(08)	19.0(01)	15.1(21)	38.9(28/jun)	-6.0(06)	-5.3(03)	-3.7(18)	-4.1(04)	-0.2(04)	2.6(08)	8.4(30)	7.0(12)	6.0(09)	0.9(21)	-2.5(16)	-4.8(31)	-6.0(06/ene)		11	17	17	17	16	15	13	16	12	23	18	
2614	ZAMORA	ZAMORA	ZAMORA	656	544072	413056	4	3	5	13	5	5	2	4	5	11	19	9	85														0	0	0	0	0	0	0	0	0	0	1	1	2	0	0	0	0	0	0	2	0	0	0	1	3	6	8	2	2	0	0	0	0	0	0	2	1	10	25																											0	0	0	1	0	0	5	2	0	0	0	0	8	20	12	5	0	0	0	0	0	0	0	2	7	46	0	0	0	0	4	10	25	20	4	0	0	0	63	0	0	0	1	0			0	0	0				0	0	0	0	0			0	0	0				16.9(24)	21.0(26)	23.3(16)	26.3(30)	33.2(31)	39.1(28)	38.7(22)	36.6(24)	32.7(04)	29.9(08)	20.2(01)	15.8(21)	39.1(28/jun)	-5.3(07)	-3.6(04)	-0.7(18)	0.1(04)	3.9(04)	6.1(08)	11.7(28)	9.9(13)	8.4(28)	4.3(22)	-1.0(19)	-2.5(29)	-5.3(07/ene)	5	5	8	8	9	8	8	7	9	6	8	7	7
9390	DAROCA_I	ZARAGOZA	DAROCA	779	124362	410652	7	1	6	17	9	6	9	6	10	6	20			13	10	15	15	19		22	14	16	22	23	21	190	1	3	0	0	0	0	0	0	0	0	0			0	0	0	0	0	0	2	0	0	0	0			0	1	0	1	0	0	0	0	0	1	0			14	18	15	5	7		9	16	9	5	1	4		4	0	1	10	5		0	1	5	4	6	6		0	0	0	3	5	0	9	3	5	0	2			23	21	17	2	1	0	0	0	0	0	3	12	79	0	0	0	0	0	15	24	21	5	1	0	0	66	2	2	1	2	3				0		6			0	0	0	0	0				0		0			14.8(01)	23.5(27)	25.2(16)	23.9(15)	29.2(31)	40.7(29)	37.8(12)	37.0(04)	32.1(30)	30.1(08)	21.2(01)	18.2(25)	40.7(29/jun)	-7.4(04)	-4.0(17)	-3.8(21)	-2.7(04)	-1.2(06)	2.3(12)	10.1(28)	9.3(14)	5.7(07)	3.9(26)	-3.4(19)	-6.0(28)	-7.4(04/ene)	6	5	6	7	8	7	7	7	6	5	8	7	7
9434	ZARAGOZA/AEROPUERTO	ZARAGOZA	ZARAGOZA	249	100152	413938	10	3	4	13	7	7	9	4	7	10	21	11	106	18	15	18	14	18	22	20	13	19	22	20	14	213	0	0	0	0	0	0	0	0	0	0	0	0	0	0	0	0	0	0	0	0	0	1	0	0	0	1	4	0	0	1	0	0	0	0	0	2	3	7	17	8	11	11	4	9	6	11	16	9	5	0	5	95	5	2	2	12	4	2	0	2	2	4	10	12	57	0	0	0	3	3	1	7	1	2	1	0	0	18	5	2	0	0	0	0	0	0	0	0	0	1	8	0	0	0	0	2	18	27	25	10	0	0	0	82	20	7	10							4	13			0	0	0							0	1			16.4(31)	25.5(27)	25.0(16)	26.1(30)	30.8(15)	43.2(29)	40.9(23)	39.9(09)	32.2(29)	29.3(08)	25.1(01)	19.3(20)	43.2(29/jun)	-4.9(05)	-0.5(16)	1.7(22)	1.8(04)	6.3(06)	8.0(12)	15.8(29)	15.4(14)	12.7(09)	9.1(25)	1.8(20)	0.0(28)	-4.9(05/ene)	25	15	18	18	25	18	18	15	17	13	19	14	18
9434	ZARAGOZA/AEROPUERTO	ZARAGOZA	ZARAGOZA	249	100152	413938																																																																																																																																																																																																			
